timestamp,moisture,ph,ec,temp,n,p,k
2026-03-30T23:21:28.588762,62.2,4.57,4.379,14.6,80.9,124.2,167.3
2026-03-30T23:21:30.588197,92.8,8.33,1.995,35.4,95.4,73.5,105.9
2026-03-30T23:21:32.587534,3.2,5.86,1.035,10.1,38.0,38.5,17.5
2026-03-30T23:21:34.587663,75.4,6.68,4.511,23.6,25.5,7.3,160.3
2026-03-30T23:21:36.587979,78.0,7.34,0.507,36.1,158.8,149.6,178.2
2026-03-30T23:21:38.591470,28.9,7.57,3.751,29.5,95.6,60.1,183.4
2026-03-30T23:21:40.594735,9.0,4.95,0.449,23.9,89.1,9.3,134.2
2026-03-30T23:21:42.592075,74.9,7.95,3.317,13.0,0.2,178.0,71.6
2026-03-30T23:21:44.591714,38.2,7.34,4.2,29.7,131.8,15.2,139.0
2026-03-30T23:21:46.591895,1.1,8.51,3.521,39.4,118.5,165.1,185.9
2026-03-30T23:21:48.588862,63.5,4.44,1.664,28.0,125.0,158.2,36.5
2026-03-30T23:21:50.587405,97.3,7.1,2.375,29.5,87.8,3.6,35.7
2026-03-30T23:21:52.587547,6.2,7.79,0.57,15.8,30.9,158.1,149.7
2026-03-30T23:21:54.592413,98.5,6.4,0.9,29.1,90.0,19.1,177.9
2026-03-30T23:21:56.588718,33.4,6.51,4.488,39.3,137.4,57.4,83.4
2026-03-30T23:21:58.588482,11.6,7.83,3.298,22.5,188.6,39.3,56.1
2026-03-30T23:22:00.588497,70.5,8.11,2.795,34.0,59.5,167.5,71.0
2026-03-30T23:22:02.591772,84.0,5.65,4.054,26.1,77.9,199.6,92.2
2026-03-30T23:22:04.597433,95.8,4.77,1.937,21.2,86.5,162.7,122.2
2026-03-30T23:22:06.589180,3.0,7.97,2.961,28.6,108.4,195.1,166.2
2026-03-30T23:22:08.590844,17.1,5.66,0.728,14.8,162.1,52.9,171.0
2026-03-30T23:22:10.587542,22.4,4.1,1.827,27.8,195.4,198.9,73.6
2026-03-30T23:22:12.587631,19.8,8.63,0.746,29.9,148.1,133.6,188.1
2026-03-30T23:22:14.588371,17.2,4.48,1.446,24.5,41.5,166.4,26.1
2026-03-30T23:22:16.587615,38.1,8.55,1.633,16.1,141.8,112.4,140.0
2026-03-30T23:22:18.587315,11.4,4.71,0.218,28.1,158.1,82.0,7.5
2026-03-30T23:22:20.587424,36.7,8.55,0.655,12.2,126.6,29.5,144.5
2026-03-30T23:22:22.587521,12.2,5.97,4.151,30.9,139.5,62.3,109.3
2026-03-30T23:22:24.588235,47.1,4.54,4.209,39.6,135.8,158.3,87.6
2026-03-30T23:22:26.587290,91.6,6.74,3.676,37.7,185.4,69.7,56.8
2026-03-30T23:22:28.589386,45.5,6.78,1.449,18.6,2.9,114.4,165.8
2026-03-30T23:22:30.589931,43.4,4.99,3.047,32.0,155.0,82.7,180.9
2026-03-30T23:22:32.589350,83.2,5.99,3.615,34.1,110.3,41.2,185.4
2026-03-30T23:22:34.589601,23.1,5.54,0.665,31.3,185.5,158.1,10.5
2026-03-30T23:22:36.587484,97.8,4.23,2.873,17.4,134.1,174.3,184.3
2026-03-30T23:22:38.588141,21.5,7.17,2.813,27.8,103.0,148.1,90.0
2026-03-30T23:22:40.587198,61.8,5.78,4.316,25.5,171.3,48.9,50.6
2026-03-30T23:22:42.587782,40.7,4.56,0.584,33.6,166.8,29.4,172.5
2026-03-30T23:22:44.587086,98.3,4.1,2.336,27.2,83.0,64.5,96.5
2026-03-30T23:22:46.587744,20.3,8.92,0.012,38.6,19.8,12.0,82.0
2026-03-30T23:22:48.587282,72.5,5.0,4.298,28.1,132.0,62.9,192.3
2026-03-30T23:22:50.587113,53.1,5.96,3.355,38.1,92.3,177.1,77.8
2026-03-30T23:22:52.587179,53.4,6.72,4.667,39.6,170.3,185.2,33.2
2026-03-30T23:22:54.587050,47.0,4.5,0.31,15.4,68.5,38.0,153.0
2026-03-30T23:22:56.593624,75.8,6.54,3.591,16.1,198.5,114.5,107.3
2026-03-30T23:22:58.588959,77.6,4.4,3.034,24.1,87.8,145.8,100.9
2026-03-30T23:23:00.587039,9.0,4.47,4.091,35.4,124.5,71.3,56.5
2026-03-30T23:23:02.589509,42.2,6.03,0.64,11.4,117.4,155.3,26.4
2026-03-30T23:23:04.594437,11.6,7.51,1.298,16.7,185.5,161.2,134.8
2026-03-30T23:23:06.587077,56.2,5.8,3.625,16.1,148.4,93.4,34.3
2026-03-30T23:23:08.592603,81.9,5.69,0.816,22.1,192.5,161.7,124.0
2026-03-30T23:23:10.586960,19.9,7.94,4.956,16.7,2.1,151.3,23.7
2026-03-30T23:23:12.587086,62.2,7.11,1.86,33.1,153.1,123.4,49.9
2026-03-30T23:23:14.586969,49.8,5.4,4.54,33.3,132.2,179.8,4.8
2026-03-30T23:23:16.588014,11.0,4.88,1.538,37.6,107.1,62.7,198.7
2026-03-30T23:23:18.588322,23.2,6.51,0.732,19.9,109.8,81.9,78.7
2026-03-30T23:23:20.586836,34.2,4.68,2.262,36.9,39.4,63.3,139.0
2026-03-30T23:23:22.586964,17.0,8.57,0.306,28.9,88.1,155.1,157.1
2026-03-30T23:23:24.589783,23.5,7.81,3.706,15.5,109.9,179.4,56.3
2026-03-30T23:23:26.594265,79.0,8.52,4.922,19.3,113.3,136.1,87.2
2026-03-30T23:23:28.588882,66.0,7.85,1.02,28.8,5.7,165.4,80.4
2026-03-30T23:23:30.586589,8.1,7.73,0.923,29.4,3.6,28.0,125.7
2026-03-30T23:23:32.589435,61.2,5.9,0.66,36.8,3.0,32.8,161.6
2026-03-30T23:23:34.588972,65.6,8.4,0.953,21.3,162.5,136.8,25.6
2026-03-30T23:23:36.586687,26.2,7.82,1.202,25.7,24.6,199.6,15.5
2026-03-30T23:23:38.586754,5.7,7.07,4.655,37.0,40.5,143.4,69.8
2026-03-30T23:23:40.587544,32.4,7.7,1.957,30.7,162.1,77.5,38.5
2026-03-30T23:23:42.592991,47.2,7.8,0.746,31.9,130.1,94.1,102.3
2026-03-30T23:23:44.586821,15.3,7.77,1.769,10.2,198.4,50.7,10.8
2026-03-30T23:23:46.589208,54.8,6.1,0.459,39.0,84.0,146.2,6.2
2026-03-30T23:23:48.588926,84.2,6.24,3.201,26.3,27.6,33.9,54.5
2026-03-30T23:23:50.594774,99.5,7.23,2.806,38.1,17.8,180.9,112.3
2026-03-30T23:23:52.587522,82.3,7.62,2.665,14.3,106.5,198.4,46.2
2026-03-30T23:23:54.586547,91.6,5.44,3.549,28.2,60.3,114.1,77.5
2026-03-30T23:23:56.586369,88.4,8.59,1.428,30.7,86.0,65.3,3.0
2026-03-30T23:23:58.586665,87.8,8.1,4.542,37.0,110.9,128.8,62.2
2026-03-30T23:24:00.587141,8.0,6.53,1.021,32.9,85.1,31.0,99.5
2026-03-30T23:24:02.587068,62.2,6.43,0.106,39.6,37.5,97.2,74.4
2026-03-30T23:24:04.586653,77.4,7.95,4.398,22.4,24.5,146.1,106.3
2026-03-30T23:24:06.590075,14.5,5.42,4.974,27.0,28.8,38.5,186.3
2026-03-30T23:24:08.597463,39.5,4.88,0.57,10.4,77.5,14.0,198.6
2026-03-30T23:24:10.587656,49.7,7.48,4.944,12.6,184.7,41.1,40.4
2026-03-30T23:24:12.592151,32.2,7.97,2.12,11.9,185.9,17.1,30.0
2026-03-30T23:24:14.586551,10.0,7.19,1.309,37.2,131.2,178.2,12.9
2026-03-30T23:24:16.601017,31.0,5.52,0.163,30.6,14.4,185.7,124.9
2026-03-30T23:24:18.586279,52.9,5.21,3.662,26.3,30.4,53.2,4.6
2026-03-30T23:24:20.586968,41.7,6.69,0.336,32.0,133.4,74.6,179.2
2026-03-30T23:24:22.586496,92.8,7.02,0.01,13.6,107.2,120.3,153.7
2026-03-30T23:24:24.586475,63.2,5.85,2.796,14.6,118.8,37.7,195.1
2026-03-30T23:24:26.588262,42.8,6.39,2.533,33.2,175.2,125.2,70.0
2026-03-30T23:24:28.586631,86.0,4.56,3.271,22.0,109.1,186.7,122.9
2026-03-30T23:24:30.587307,88.1,6.69,1.301,22.3,132.6,162.5,116.5
2026-03-30T23:24:32.586224,12.4,8.02,2.754,15.6,152.3,49.5,44.1
2026-03-30T23:24:34.586201,4.6,4.56,2.023,12.8,102.8,92.6,138.3
2026-03-30T23:24:36.586152,84.2,5.09,1.778,22.7,32.9,47.4,126.0
2026-03-30T23:24:38.587066,27.1,8.15,0.794,31.5,124.5,66.6,99.6
2026-03-30T23:24:40.588040,4.9,8.44,1.425,35.3,114.5,78.9,20.0
2026-03-30T23:24:42.589941,89.4,6.73,1.426,30.0,92.3,106.3,96.5
2026-03-30T23:24:44.598068,92.2,4.53,3.585,30.8,197.0,175.1,3.6
2026-03-30T23:24:46.586981,55.8,4.37,0.85,18.5,133.2,180.7,185.4
2026-03-30T23:24:48.586187,80.0,4.43,2.192,34.3,20.7,157.6,73.5
2026-03-30T23:24:50.586467,4.6,7.0,0.692,14.9,184.6,66.1,47.0
2026-03-30T23:24:52.585992,18.1,5.2,0.326,31.1,82.7,44.6,73.6
2026-03-30T23:24:54.586876,21.9,7.07,3.095,38.8,101.7,163.1,157.0
2026-03-30T23:24:56.588870,8.0,4.13,4.048,15.5,23.7,46.2,105.9
2026-03-30T23:24:58.588403,43.1,8.59,2.403,23.6,79.7,152.5,59.8
2026-03-30T23:25:00.587776,67.8,8.7,3.914,12.8,65.8,121.4,60.2
2026-03-30T23:25:02.586002,66.3,8.66,0.453,35.6,134.7,64.8,41.6
2026-03-30T23:25:04.586061,90.0,8.25,2.855,34.3,186.8,58.1,185.5
2026-03-30T23:25:06.585847,0.5,5.38,4.008,12.9,54.5,45.7,119.9
2026-03-30T23:25:08.587631,46.4,8.84,4.522,18.2,106.4,98.5,19.9
2026-03-30T23:25:10.594478,66.2,7.4,1.641,34.8,147.1,169.4,1.0
2026-03-30T23:25:12.585661,2.7,4.98,0.54,35.7,34.5,129.8,6.5
2026-03-30T23:25:14.586474,6.7,7.01,4.933,38.7,117.7,172.2,181.1
2026-03-30T23:25:16.586942,71.8,8.98,2.61,39.8,102.3,81.1,134.0
2026-03-30T23:25:18.585847,46.7,5.04,2.212,11.1,46.5,137.1,16.6
2026-03-30T23:25:20.586418,79.0,8.02,1.846,26.4,134.4,105.5,23.6
2026-03-30T23:25:22.585992,64.6,7.47,1.208,13.9,160.9,20.1,158.6
2026-03-30T23:25:24.589975,67.3,4.79,4.806,21.4,156.5,199.1,188.3
2026-03-30T23:25:26.585677,92.7,8.2,1.181,18.8,8.9,191.5,95.8
2026-03-30T23:25:28.586462,65.9,5.47,4.968,27.7,142.2,59.2,136.8
2026-03-30T23:25:30.586549,80.2,4.26,4.934,38.0,189.5,11.8,169.8
2026-03-30T23:25:32.585678,90.9,7.25,4.292,39.1,168.5,98.9,66.2
2026-03-30T23:25:34.585808,93.9,4.79,2.53,27.3,92.0,176.7,47.9
2026-03-30T23:25:36.590834,30.0,6.6,4.318,26.0,56.1,45.5,124.5
2026-03-30T23:25:38.589217,19.2,7.86,2.946,18.2,100.7,104.3,199.5
2026-03-30T23:25:40.587585,15.4,7.3,3.862,20.0,51.2,9.5,47.9
2026-03-30T23:25:42.585735,91.1,7.93,3.891,26.2,189.7,158.2,30.3
2026-03-30T23:25:44.587868,55.1,6.01,4.659,13.0,137.8,144.0,147.5
2026-03-30T23:25:46.587722,67.8,5.98,0.041,11.7,136.3,145.4,192.4
2026-03-30T23:25:48.589196,59.4,4.59,1.449,12.3,176.7,180.7,52.1
2026-03-30T23:25:50.587933,77.3,5.04,0.878,39.7,0.2,23.9,6.5
2026-03-30T23:25:52.589407,85.0,5.75,3.602,18.4,129.7,149.8,130.6
2026-03-30T23:25:54.585768,91.4,6.28,1.71,27.9,8.7,104.6,21.4
2026-03-30T23:25:56.586565,45.2,5.99,1.844,18.1,123.0,119.7,145.6
2026-03-30T23:25:58.585694,22.4,7.82,4.047,38.0,120.8,24.8,139.5
2026-03-30T23:26:00.585281,1.3,6.54,0.297,23.6,189.8,4.9,56.5
2026-03-30T23:26:02.593630,82.5,8.65,2.752,37.5,22.0,33.3,92.8
2026-03-30T23:26:04.588899,9.9,8.06,2.257,34.7,118.6,8.4,62.2
2026-03-30T23:26:06.585535,22.4,5.9,0.262,34.3,47.8,126.3,121.5
2026-03-30T23:26:08.585557,63.0,8.16,2.824,37.9,94.2,164.0,124.7
2026-03-30T23:26:10.585366,37.3,6.43,4.467,22.9,192.2,34.4,80.3
2026-03-30T23:26:12.585384,60.9,5.12,0.086,37.0,52.9,57.6,147.1
2026-03-30T23:26:14.586246,64.7,8.87,1.019,36.0,157.2,158.4,197.0
2026-03-30T23:26:16.586099,20.4,5.59,4.271,38.1,32.4,7.0,16.4
2026-03-30T23:26:18.586794,58.9,5.41,1.869,31.7,123.5,191.7,140.0
2026-03-30T23:26:20.591317,67.7,4.07,0.571,20.4,6.1,191.3,48.8
2026-03-30T23:26:22.585827,47.3,8.65,3.652,24.8,86.9,54.9,189.2
2026-03-30T23:26:24.592252,48.4,4.44,1.92,25.1,128.0,45.1,78.4
2026-03-30T23:26:26.587087,33.5,6.43,1.656,17.6,75.0,24.0,62.9
2026-03-30T23:26:28.591281,51.7,5.53,3.62,18.6,185.9,23.1,74.5
2026-03-30T23:26:30.593816,70.5,6.21,2.432,35.4,181.6,18.4,78.7
2026-03-30T23:26:32.591105,61.7,7.53,1.501,39.3,195.6,76.8,92.7
2026-03-30T23:26:34.585960,66.9,7.31,4.809,26.0,142.8,115.0,6.8
2026-03-30T23:26:36.585336,25.7,4.41,3.647,38.0,70.1,97.3,148.6
2026-03-30T23:26:38.585283,92.8,6.71,3.647,31.0,117.8,34.4,69.3
2026-03-30T23:26:40.585257,40.0,7.64,2.452,25.9,2.8,187.6,62.4
2026-03-30T23:26:42.588375,87.0,7.1,2.331,36.7,172.6,109.7,158.5
2026-03-30T23:26:44.587396,77.9,5.84,0.155,30.8,22.6,57.2,44.9
2026-03-30T23:26:46.585110,52.8,8.91,0.907,38.2,184.4,3.6,150.7
2026-03-30T23:26:48.586991,12.9,6.1,4.563,38.2,80.0,158.5,51.1
2026-03-30T23:26:50.587263,96.3,6.08,1.492,11.0,115.0,141.4,172.1
2026-03-30T23:26:52.588682,82.4,4.29,0.709,13.3,146.6,100.8,187.4
2026-03-30T23:26:54.586537,31.3,5.11,4.821,21.2,89.8,73.0,18.1
2026-03-30T23:26:56.590742,29.2,5.04,4.43,13.1,4.2,151.6,21.4
2026-03-30T23:26:58.603170,42.8,7.91,3.958,27.5,189.9,122.6,7.2
2026-03-30T23:27:00.585066,80.4,8.1,2.59,33.6,94.0,4.4,150.8
2026-03-30T23:27:02.588757,19.1,6.07,4.233,16.2,135.0,90.7,125.1
2026-03-30T23:27:04.584825,28.5,6.47,4.781,24.7,84.8,97.7,81.7
2026-03-30T23:27:06.584832,36.4,6.48,4.277,36.9,73.9,35.8,31.0
2026-03-30T23:27:08.586627,6.4,4.84,1.071,30.5,73.3,196.5,109.4
2026-03-30T23:27:10.584890,9.2,5.4,3.653,36.1,152.5,35.0,143.1
2026-03-30T23:27:12.584911,14.1,6.13,1.873,30.7,163.2,65.9,63.1
2026-03-30T23:27:14.588228,98.8,7.54,2.428,27.7,1.4,18.3,91.5
2026-03-30T23:27:16.584911,4.0,8.63,2.68,28.8,155.5,131.8,53.1
2026-03-30T23:27:18.585689,65.1,4.9,0.658,20.7,178.3,123.6,77.7
2026-03-30T23:27:20.584836,80.1,4.71,4.793,20.0,180.9,4.5,177.1
2026-03-30T23:27:22.587266,48.7,6.83,1.111,15.1,42.8,73.6,26.3
2026-03-30T23:27:24.585294,34.0,5.0,4.617,10.6,28.3,32.0,108.6
2026-03-30T23:27:26.585273,5.2,7.3,3.93,28.3,60.3,135.8,189.3
2026-03-30T23:27:28.593957,22.9,6.33,4.619,15.0,164.4,142.1,33.9
2026-03-30T23:27:30.585261,38.6,8.36,4.123,39.6,32.0,24.3,185.6
2026-03-30T23:27:32.592586,69.5,6.4,1.367,21.9,152.2,64.9,34.4
2026-03-30T23:27:34.584856,72.6,5.82,0.217,10.4,58.8,96.0,152.2
2026-03-30T23:27:36.587068,75.6,5.15,3.82,36.8,189.3,199.8,164.0
2026-03-30T23:27:38.585511,99.4,6.97,4.454,37.3,114.7,98.0,38.1
2026-03-30T23:27:40.585528,38.9,4.75,2.307,21.4,145.7,110.9,102.5
2026-03-30T23:27:42.585707,44.6,7.33,0.289,34.5,60.2,101.4,103.1
2026-03-30T23:27:44.584696,68.3,4.91,4.662,19.8,146.9,40.7,10.9
2026-03-30T23:27:46.585131,52.0,8.88,0.94,26.8,101.1,175.2,95.3
2026-03-30T23:27:48.590005,14.0,7.3,1.252,28.5,95.7,38.3,128.3
2026-03-30T23:27:50.591044,24.2,8.57,4.397,15.6,80.2,85.2,180.1
2026-03-30T23:27:52.586516,1.9,4.12,3.182,36.3,159.9,97.6,109.9
2026-03-30T23:27:54.584597,0.6,5.0,2.327,37.9,169.1,168.4,116.9
2026-03-30T23:27:56.586838,91.9,4.61,1.621,20.2,82.4,152.0,104.5
2026-03-30T23:27:58.586985,77.7,8.14,2.83,39.7,199.9,71.3,170.4
2026-03-30T23:28:00.584561,61.6,6.14,0.201,16.4,17.5,199.3,190.8
2026-03-30T23:28:02.589115,17.4,6.6,3.203,34.2,40.8,23.7,76.5
2026-03-30T23:28:04.585633,31.6,6.47,3.663,27.3,153.6,137.8,80.0
2026-03-30T23:28:06.588311,78.2,6.8,2.499,13.5,164.6,46.5,86.5
2026-03-30T23:28:08.584512,55.3,7.11,0.612,22.8,113.6,198.9,56.8
2026-03-30T23:28:10.585041,63.8,7.51,1.413,11.1,134.7,192.9,12.9
2026-03-30T23:28:12.584564,37.8,6.7,4.845,14.1,65.7,138.7,116.7
2026-03-30T23:28:14.584761,9.9,7.99,4.08,22.9,198.0,187.7,21.4
2026-03-30T23:28:16.594037,29.9,7.73,3.603,18.5,143.6,92.4,43.4
2026-03-30T23:28:18.584431,48.1,8.51,2.004,17.9,108.5,10.9,61.5
2026-03-30T23:28:20.586305,0.9,6.57,1.509,31.8,140.2,25.6,170.8
2026-03-30T23:28:22.584433,66.4,8.98,3.8,12.8,8.4,67.7,133.7
2026-03-30T23:28:24.584356,53.8,4.91,1.031,20.8,108.4,8.5,85.0
2026-03-30T23:28:26.584809,21.6,8.84,0.285,28.8,116.8,198.5,147.9
2026-03-30T23:28:28.584242,20.0,4.87,4.588,14.9,7.8,131.2,138.9
2026-03-30T23:28:30.585247,9.4,4.14,2.731,27.6,165.4,166.8,164.2
2026-03-30T23:28:32.584321,44.4,8.65,0.581,16.3,20.2,141.6,26.3
2026-03-30T23:28:34.584691,92.6,5.22,3.899,27.1,53.6,26.8,191.1
2026-03-30T23:28:36.590388,38.6,8.02,2.709,13.5,180.7,169.5,7.2
2026-03-30T23:28:38.584178,68.9,5.6,0.089,24.5,172.4,24.4,0.4
2026-03-30T23:28:40.591112,44.1,5.21,2.732,33.2,153.4,90.1,191.5
2026-03-30T23:28:42.588941,14.4,6.1,3.14,13.2,48.6,137.9,63.6
2026-03-30T23:28:44.593808,16.6,6.55,1.5,39.2,11.3,105.9,41.8
2026-03-30T23:28:46.586618,92.6,5.03,1.707,14.1,111.1,99.7,34.1
2026-03-30T23:28:48.584257,62.8,5.29,4.872,31.2,157.7,116.2,154.1
2026-03-30T23:28:50.584645,63.6,7.04,3.119,32.6,129.5,79.3,60.8
2026-03-30T23:28:52.584194,67.1,6.7,1.023,27.5,196.5,194.2,55.2
2026-03-30T23:28:54.584115,60.8,8.62,4.134,17.0,85.1,174.3,84.7
2026-03-30T23:28:56.586484,82.3,4.96,3.699,12.5,161.0,126.3,102.5
2026-03-30T23:28:58.583797,24.8,4.99,3.679,18.7,17.4,23.0,1.5
2026-03-30T23:29:00.585891,30.2,6.73,2.073,22.7,86.9,137.2,182.7
2026-03-30T23:29:02.583847,9.9,4.0,4.549,17.1,164.0,84.1,16.9
2026-03-30T23:29:04.585600,0.1,4.4,0.979,21.2,75.1,79.5,176.1
2026-03-30T23:29:06.587728,46.9,8.96,2.138,24.4,187.5,153.6,198.0
2026-03-30T23:29:08.586694,97.1,8.23,0.995,13.2,181.3,27.6,146.1
2026-03-30T23:29:10.591183,79.0,5.34,3.794,35.1,154.9,67.7,45.4
2026-03-30T23:29:12.583806,49.9,7.03,2.576,26.1,43.6,41.5,22.9
2026-03-30T23:29:14.586680,29.5,6.57,4.007,39.3,68.9,60.2,81.5
2026-03-30T23:29:16.583735,4.0,8.66,1.494,22.2,143.9,78.7,46.4
2026-03-30T23:29:18.583797,41.7,5.66,4.364,27.6,60.1,127.9,46.0
2026-03-30T23:29:20.584653,95.2,6.34,2.698,14.4,90.6,107.1,49.5
2026-03-30T23:29:22.584545,77.6,4.22,1.529,35.7,137.5,106.9,95.6
2026-03-30T23:29:24.583859,87.9,6.35,3.628,10.9,148.6,27.3,185.2
2026-03-30T23:29:26.593933,0.1,7.1,1.794,36.3,6.1,0.9,128.4
2026-03-30T23:29:28.583823,66.1,8.77,0.321,34.4,179.7,140.9,56.9
2026-03-30T23:29:30.584301,11.3,8.47,0.926,34.1,42.9,76.4,83.7
2026-03-30T23:29:32.583804,69.8,8.16,1.268,19.5,50.3,191.9,199.0
2026-03-30T23:29:34.589096,72.7,7.12,2.36,20.4,174.2,121.3,53.5
2026-03-30T23:29:36.586826,41.6,5.96,3.446,11.9,146.9,191.5,84.9
2026-03-30T23:29:38.583656,37.9,5.37,1.01,14.2,64.0,185.6,77.9
2026-03-30T23:29:40.583657,68.2,6.2,2.943,29.8,176.8,23.6,44.8
2026-03-30T23:29:42.583709,61.9,8.07,2.359,30.8,110.7,144.8,89.8
2026-03-30T23:29:44.585714,1.4,6.3,3.468,18.4,164.8,149.4,174.8
2026-03-30T23:29:46.583999,94.8,4.58,1.722,26.6,54.8,158.7,15.3
2026-03-30T23:29:48.583510,78.6,5.56,1.445,18.7,135.9,96.4,38.1
2026-03-30T23:29:50.583484,5.2,8.8,2.353,19.3,82.8,106.8,46.0
2026-03-30T23:29:52.584329,43.3,7.18,0.266,39.4,199.6,9.1,9.8
2026-03-30T23:29:54.583708,75.0,7.11,3.459,29.1,192.0,29.3,121.2
2026-03-30T23:29:56.584275,27.3,4.59,4.308,10.5,18.9,161.6,22.9
2026-03-30T23:29:58.583843,97.1,7.25,1.561,31.0,120.9,68.4,61.4
2026-03-30T23:30:00.590281,64.4,7.49,4.352,31.5,113.1,22.1,140.2
2026-03-30T23:30:02.588065,97.5,8.06,4.695,11.9,116.4,194.5,195.6
2026-03-30T23:30:04.585207,66.2,4.19,4.512,20.0,126.3,90.1,43.2
2026-03-30T23:30:06.583462,64.1,5.06,0.802,37.2,37.4,188.1,155.3
2026-03-30T23:30:08.585332,62.4,8.65,1.415,25.7,126.9,70.6,130.4
2026-03-30T23:30:10.584635,15.1,8.23,2.655,11.0,91.6,102.9,25.4
2026-03-30T23:30:12.583761,42.1,8.08,0.961,35.1,157.7,169.0,145.9
2026-03-30T23:30:14.584337,35.0,6.37,3.024,38.3,29.4,37.2,191.6
2026-03-30T23:30:16.584099,78.7,8.44,4.145,10.4,24.4,155.5,181.6
2026-03-30T23:30:18.583175,31.1,6.57,4.387,37.4,98.4,26.5,89.3
2026-03-30T23:30:20.583518,22.3,5.44,0.38,35.1,115.0,177.6,3.2
2026-03-30T23:30:22.584797,91.2,4.6,4.668,14.7,20.8,39.1,82.3
2026-03-30T23:30:24.583261,40.2,7.69,1.282,32.8,115.8,70.0,93.3
2026-03-30T23:30:26.583363,56.3,7.81,0.495,38.3,2.8,109.4,191.4
2026-03-30T23:30:28.587053,15.4,7.79,3.363,15.7,35.4,5.4,98.9
2026-03-30T23:30:30.583391,83.5,4.66,1.073,35.4,190.7,125.8,196.6
2026-03-30T23:30:32.583271,49.6,7.12,3.607,37.8,67.5,195.9,123.5
2026-03-30T23:30:34.583301,7.1,4.91,2.822,14.2,107.1,193.0,37.4
2026-03-30T23:30:36.583161,0.7,5.35,3.043,23.3,115.2,151.1,25.6
2026-03-30T23:30:38.583389,16.3,8.85,0.449,29.9,167.6,139.7,55.4
2026-03-30T23:30:40.583611,56.7,4.3,4.061,33.9,166.5,32.2,31.7
2026-03-30T23:30:42.583261,86.2,4.77,1.382,30.1,97.1,173.3,172.5
2026-03-30T23:30:44.590163,18.0,8.78,0.822,28.4,156.2,5.7,67.0
2026-03-30T23:30:46.583473,80.4,6.33,4.591,11.8,194.8,151.7,7.1
2026-03-30T23:30:48.584448,32.8,4.97,3.878,34.6,179.7,187.0,119.6
2026-03-30T23:30:50.583188,89.8,4.13,3.068,10.0,142.8,13.7,145.2
2026-03-30T23:30:52.588228,67.7,8.67,0.96,12.1,68.0,91.9,13.4
2026-03-30T23:30:54.588397,20.0,4.96,2.095,39.7,39.9,65.2,109.8
2026-03-30T23:30:56.582772,81.1,6.06,1.345,25.9,14.2,20.1,3.1
2026-03-30T23:30:58.584905,72.5,7.57,2.334,37.9,149.2,180.3,170.6
2026-03-30T23:31:00.585057,37.5,4.27,2.305,27.5,65.8,86.5,84.2
2026-03-30T23:31:02.586481,57.6,8.98,3.46,31.7,27.4,186.9,13.0
2026-03-30T23:31:04.583445,60.8,5.28,2.613,19.8,7.0,38.7,35.2
2026-03-30T23:31:06.582951,29.6,8.16,1.392,16.3,98.6,29.0,193.8
2026-03-30T23:31:08.585096,40.7,7.97,1.706,24.1,171.2,29.1,144.1
2026-03-30T23:31:10.583065,23.4,4.32,0.692,21.4,148.2,184.6,117.6
2026-03-30T23:31:12.584786,41.0,8.99,0.867,12.8,123.2,150.2,198.8
2026-03-30T23:31:14.582939,68.7,4.74,4.045,39.0,180.3,47.0,133.7
2026-03-30T23:31:16.584421,3.6,6.97,3.977,31.6,154.3,44.3,148.3
2026-03-30T23:31:18.590150,70.1,7.57,2.294,36.5,63.6,76.0,109.7
2026-03-30T23:31:20.582656,21.0,6.92,4.345,15.7,7.3,171.5,77.4
2026-03-30T23:31:22.585451,99.8,6.52,4.079,29.2,199.6,196.7,11.8
2026-03-30T23:31:24.586669,94.6,7.43,3.225,15.0,61.4,72.2,106.9
2026-03-30T23:31:26.584561,99.6,8.39,1.025,27.1,76.4,181.7,90.2
2026-03-30T23:31:28.582725,73.3,5.99,2.912,22.4,17.6,76.7,151.3
2026-03-30T23:31:30.583172,20.2,8.24,1.923,15.4,6.6,126.9,113.9
2026-03-30T23:31:32.583696,28.2,6.61,4.239,39.5,57.7,183.0,99.9
2026-03-30T23:31:34.582502,1.2,4.88,1.815,37.9,25.6,6.3,189.2
2026-03-30T23:31:36.582689,60.3,8.23,1.855,35.0,95.4,163.9,87.9
2026-03-30T23:31:38.582748,93.2,4.77,1.79,14.6,74.7,115.4,169.3
2026-03-30T23:31:40.582677,12.0,4.47,0.476,16.6,176.1,54.4,56.7
2026-03-30T23:31:42.582636,58.3,7.35,0.895,34.6,152.4,5.2,133.7
2026-03-30T23:31:44.589901,54.0,5.17,4.376,32.1,124.6,32.3,109.1
2026-03-30T23:31:46.587245,33.1,8.48,2.55,37.8,90.3,53.4,24.5
2026-03-30T23:31:48.582593,25.9,6.06,1.406,25.3,3.4,155.5,132.8
2026-03-30T23:31:50.582632,61.0,5.52,4.238,15.5,51.9,83.2,20.5
2026-03-30T23:31:52.582944,23.5,8.96,0.914,24.1,42.3,40.5,23.8
2026-03-30T23:31:54.582593,53.3,5.46,2.86,14.3,90.7,110.8,1.0
2026-03-30T23:31:56.582653,48.2,7.4,3.215,16.6,150.5,122.3,49.2
2026-03-30T23:31:58.582715,75.4,7.57,1.242,35.7,117.2,112.3,107.5
2026-03-30T23:32:00.584352,9.6,8.83,1.285,26.0,66.7,130.1,5.2
2026-03-30T23:32:02.583242,79.3,5.99,1.251,18.8,136.4,91.3,187.8
2026-03-30T23:32:04.582690,68.0,7.32,0.62,18.2,158.9,112.8,146.9
2026-03-30T23:32:06.582654,82.1,4.62,3.752,37.6,54.5,77.0,58.9
2026-03-30T23:32:08.582332,76.1,7.72,0.653,30.5,99.4,72.0,55.4
2026-03-30T23:32:10.582394,56.6,8.33,2.645,20.9,131.2,14.2,87.8
2026-03-30T23:32:12.588558,34.3,5.38,2.083,15.4,81.3,81.7,155.7
2026-03-30T23:32:14.582320,68.9,6.03,0.944,18.8,197.7,70.1,80.4
2026-03-30T23:32:16.584246,57.4,6.02,4.761,14.2,153.4,190.2,80.7
2026-03-30T23:32:18.582484,80.1,7.15,1.672,22.6,192.3,163.8,186.6
2026-03-30T23:32:20.584562,69.1,6.28,0.605,38.6,20.8,35.3,98.2
2026-03-30T23:32:22.583334,18.8,7.53,2.253,20.4,133.2,103.2,114.8
2026-03-30T23:32:24.584329,71.0,4.83,4.443,15.4,12.7,140.8,188.6
2026-03-30T23:32:26.586092,69.4,4.52,1.373,36.9,54.5,161.4,99.7
2026-03-30T23:32:28.582961,75.8,5.72,0.041,12.9,87.8,34.4,121.6
2026-03-30T23:32:30.589768,62.1,8.3,1.48,38.5,88.7,166.9,54.3
2026-03-30T23:32:32.582055,27.2,4.34,1.224,34.5,19.8,6.9,94.1
2026-03-30T23:32:34.583484,70.5,8.78,4.186,35.8,152.4,11.8,22.2
2026-03-30T23:32:36.585265,86.8,4.56,4.569,22.2,15.8,178.2,127.9
2026-03-30T23:32:38.584885,29.7,8.12,0.404,22.9,177.1,62.2,191.4
2026-03-30T23:32:40.589613,93.8,4.23,1.426,32.8,46.8,131.4,128.1
2026-03-30T23:32:42.581995,94.0,4.06,1.718,17.0,90.8,144.4,9.8
2026-03-30T23:32:44.582438,93.2,8.99,0.594,28.3,13.5,73.8,117.6
2026-03-30T23:32:46.582008,26.6,6.36,4.926,20.7,38.8,45.3,66.3
2026-03-30T23:32:48.582016,62.8,8.63,4.051,33.9,188.8,31.7,58.7
2026-03-30T23:32:50.582128,24.5,8.79,1.332,19.6,38.6,138.4,194.0
2026-03-30T23:32:52.581983,84.6,7.55,0.71,28.1,98.3,164.4,18.6
2026-03-30T23:32:54.582404,92.5,5.12,4.88,28.6,145.4,115.5,134.1
2026-03-30T23:32:56.587769,74.8,8.1,1.289,16.8,50.0,68.2,197.2
2026-03-30T23:32:58.584276,80.0,5.91,0.347,13.2,102.1,168.8,110.2
2026-03-30T23:33:00.582486,67.2,8.26,1.474,26.4,164.1,187.2,40.2
2026-03-30T23:33:02.583192,81.7,7.32,0.269,28.9,32.4,18.3,154.5
2026-03-30T23:33:04.582208,62.8,6.97,4.054,35.6,133.5,56.7,155.9
2026-03-30T23:33:06.588547,45.1,7.39,0.356,34.9,37.5,23.4,117.1
2026-03-30T23:33:08.581915,82.2,6.71,1.691,30.7,111.6,93.5,27.0
2026-03-30T23:33:10.586162,67.1,4.86,0.187,34.7,100.4,38.9,40.5
2026-03-30T23:33:12.581966,32.8,5.06,3.381,37.9,159.3,161.4,31.1
2026-03-30T23:33:14.582034,14.4,4.45,2.682,11.2,122.8,79.0,175.5
2026-03-30T23:33:16.581704,43.2,6.13,4.094,38.4,56.1,47.0,61.6
2026-03-30T23:33:18.581583,3.8,4.36,2.094,36.6,27.5,71.6,51.5
2026-03-30T23:33:20.581780,2.6,4.19,4.129,23.0,72.4,181.1,185.6
2026-03-30T23:33:22.581886,90.3,6.66,1.887,18.3,155.6,119.3,25.1
2026-03-30T23:33:24.581731,61.0,8.97,4.92,13.9,185.5,41.3,69.5
2026-03-30T23:33:26.583031,48.1,4.1,3.943,10.0,20.8,138.9,82.7
2026-03-30T23:33:28.581886,51.0,4.53,3.0,25.4,160.4,114.4,100.3
2026-03-30T23:33:30.587218,33.8,7.29,2.389,36.6,196.6,186.9,47.3
2026-03-30T23:33:32.586642,78.5,5.54,4.762,15.7,90.5,97.4,17.1
2026-03-30T23:33:34.583418,57.1,6.56,2.045,30.2,179.9,113.4,184.8
2026-03-30T23:33:36.581744,83.0,8.66,4.957,26.3,68.1,119.3,24.2
2026-03-30T23:33:38.582731,9.6,6.52,1.738,38.7,158.8,129.5,119.8
2026-03-30T23:33:40.581626,61.7,5.22,1.27,21.1,66.9,137.5,8.6
2026-03-30T23:33:42.582423,84.8,5.45,2.643,22.7,187.8,40.7,25.1
2026-03-30T23:33:44.582121,14.6,7.67,0.078,22.3,199.6,151.6,146.4
2026-03-30T23:33:46.581812,28.5,8.22,1.042,13.6,9.4,125.0,189.1
2026-03-30T23:33:48.581493,62.5,6.21,4.543,34.9,81.6,72.2,86.5
2026-03-30T23:33:50.581545,96.1,8.92,0.203,19.5,155.1,6.6,13.4
2026-03-30T23:33:52.583346,80.8,5.29,1.342,24.0,58.9,86.2,55.1
2026-03-30T23:33:54.581686,38.0,7.37,1.881,14.1,6.2,44.1,42.3
2026-03-30T23:33:56.581564,24.9,8.68,2.362,33.2,147.5,161.7,86.1
2026-03-30T23:33:58.591442,99.1,7.58,4.626,23.1,161.1,4.5,139.8
2026-03-30T23:34:00.588607,57.5,7.7,3.782,34.2,165.6,159.8,182.4
2026-03-30T23:34:02.582579,81.9,8.22,1.481,30.1,151.1,161.0,169.5
2026-03-30T23:34:04.581564,82.8,7.34,2.141,33.7,189.6,50.0,163.4
2026-03-30T23:34:06.581281,56.1,5.75,4.344,35.5,78.4,5.0,181.1
2026-03-30T23:34:08.586877,82.5,7.46,4.552,36.7,103.7,189.1,11.7
2026-03-30T23:34:10.581394,84.1,8.5,1.006,30.1,84.2,156.1,66.4
2026-03-30T23:34:12.581618,4.3,5.41,1.115,18.8,136.2,141.5,113.6
2026-03-30T23:34:14.581187,36.0,8.46,3.93,38.4,11.8,33.3,25.5
2026-03-30T23:34:16.581155,5.5,7.87,0.771,12.8,123.7,158.9,6.9
2026-03-30T23:34:18.581917,66.2,6.82,0.097,39.5,128.7,189.1,13.1
2026-03-30T23:34:20.581281,36.3,7.74,1.853,35.9,48.9,170.9,95.9
2026-03-30T23:34:22.583213,93.0,8.97,2.433,28.8,190.4,3.8,144.2
2026-03-30T23:34:24.584991,20.8,5.75,4.331,14.1,162.6,124.9,15.8
2026-03-30T23:34:26.581078,86.5,7.86,4.503,35.7,57.2,5.5,44.7
2026-03-30T23:34:28.581188,96.8,5.82,4.243,39.9,106.4,76.8,63.3
2026-03-30T23:34:30.581243,99.0,6.75,3.731,12.4,177.4,181.4,32.8
2026-03-30T23:34:32.581874,71.6,7.57,2.292,11.7,138.6,153.4,31.1
2026-03-30T23:34:34.581641,59.0,8.77,1.435,37.3,0.4,171.9,140.6
2026-03-30T23:34:36.581348,74.8,5.34,1.829,37.8,137.8,50.1,78.5
2026-03-30T23:34:38.581318,63.7,6.24,3.352,39.2,54.1,6.0,135.8
2026-03-30T23:34:40.584764,15.5,6.7,3.985,37.9,59.7,147.6,103.6
2026-03-30T23:34:42.585082,7.4,7.31,1.887,12.5,88.6,174.7,133.5
2026-03-30T23:34:44.581127,46.5,4.92,2.127,33.7,184.4,32.1,193.2
2026-03-30T23:34:46.580992,78.8,7.84,2.984,21.6,116.5,141.7,3.2
2026-03-30T23:34:48.583037,93.5,7.84,3.553,11.7,151.1,14.1,109.1
2026-03-30T23:34:50.586428,50.8,5.6,3.797,36.9,27.2,15.7,18.5
2026-03-30T23:34:52.580995,97.8,7.9,1.891,33.5,76.3,151.1,92.1
2026-03-30T23:34:54.580960,33.1,5.04,0.195,31.6,43.7,61.7,128.5
2026-03-30T23:34:56.581070,54.8,7.31,2.589,22.7,172.7,97.8,108.2
2026-03-30T23:34:58.581625,43.1,8.93,3.129,37.4,168.5,14.8,63.2
2026-03-30T23:35:00.582237,82.7,5.39,4.243,34.2,172.1,168.5,59.6
2026-03-30T23:35:02.580957,12.6,5.58,1.202,25.2,169.9,19.7,198.6
2026-03-30T23:35:04.580733,81.7,4.13,0.196,34.1,37.4,8.7,101.3
2026-03-30T23:35:06.580968,24.3,5.61,1.904,33.0,126.7,96.3,145.6
2026-03-30T23:35:08.581403,19.5,5.8,0.931,23.3,62.2,105.4,32.2
2026-03-30T23:35:10.583254,69.2,8.61,2.534,25.9,115.2,112.1,15.9
2026-03-30T23:35:12.581419,74.5,8.63,3.677,34.0,164.1,69.8,137.3
2026-03-30T23:35:14.582482,67.6,4.29,1.906,32.1,184.8,107.3,2.5
2026-03-30T23:35:16.587286,6.7,8.89,3.902,36.4,29.2,107.5,85.9
2026-03-30T23:35:18.580695,10.2,7.08,2.425,20.6,69.6,153.3,7.5
2026-03-30T23:35:20.580866,46.7,6.15,4.798,17.1,186.9,145.1,31.6
2026-03-30T23:35:22.582115,49.7,4.7,1.226,22.2,107.8,145.5,142.6
2026-03-30T23:35:24.580936,34.1,7.46,4.979,25.0,184.9,100.1,180.8
2026-03-30T23:35:26.580856,62.4,6.87,0.349,17.9,67.5,191.9,157.8
2026-03-30T23:35:28.581654,22.8,5.3,3.713,26.6,196.8,154.4,142.6
2026-03-30T23:35:30.580824,17.9,4.19,2.061,19.3,112.5,156.4,180.2
2026-03-30T23:35:32.580809,69.8,5.34,1.938,35.1,185.1,151.3,165.4
2026-03-30T23:35:34.580978,68.8,7.69,2.448,39.2,31.7,49.5,79.9
2026-03-30T23:35:36.581073,56.1,8.67,1.089,15.8,71.3,44.4,44.3
2026-03-30T23:35:38.581486,38.0,5.97,2.115,25.8,89.1,60.5,123.6
2026-03-30T23:35:40.581710,60.0,4.11,2.181,36.8,169.8,198.4,156.2
2026-03-30T23:35:42.590420,59.6,6.6,3.876,27.4,135.5,132.5,182.3
2026-03-30T23:35:44.589501,70.0,6.32,3.907,38.2,3.8,159.1,114.7
2026-03-30T23:35:46.580828,30.8,6.93,1.09,15.7,76.4,60.0,133.6
2026-03-30T23:35:48.580483,15.7,7.07,2.416,23.0,154.6,68.6,87.2
2026-03-30T23:35:50.580526,99.2,4.54,4.191,25.9,98.8,67.8,9.9
2026-03-30T23:35:52.580641,23.1,5.58,0.96,22.2,106.6,137.1,89.9
2026-03-30T23:35:54.580618,28.8,6.75,3.906,22.0,34.4,75.2,97.8
2026-03-30T23:35:56.580652,65.0,8.71,1.981,22.1,133.1,6.3,124.2
2026-03-30T23:35:58.580413,14.6,6.11,3.082,18.7,32.5,148.9,92.4
2026-03-30T23:36:00.580775,19.0,4.63,4.381,30.0,112.1,196.9,96.0
2026-03-30T23:36:02.580450,9.7,6.09,2.024,39.9,106.7,163.8,109.4
2026-03-30T23:36:04.580451,60.4,5.03,1.366,19.2,167.1,67.3,71.3
2026-03-30T23:36:06.580380,17.2,4.97,0.004,28.3,104.3,97.7,143.8
2026-03-30T23:36:08.580271,9.1,7.08,2.826,12.2,101.2,25.2,51.5
2026-03-30T23:36:10.585205,59.4,4.32,3.962,33.0,94.8,7.1,110.5
2026-03-30T23:36:12.582391,57.6,8.22,3.965,15.8,27.4,151.9,52.7
2026-03-30T23:36:14.580390,99.0,4.57,4.631,38.8,134.7,199.2,84.3
2026-03-30T23:36:16.581920,78.7,6.59,1.59,30.1,41.7,9.4,91.5
2026-03-30T23:36:18.587093,76.2,6.21,0.012,35.7,128.0,143.7,186.7
2026-03-30T23:36:20.584754,27.8,5.07,4.163,23.0,9.7,7.0,57.5
2026-03-30T23:36:22.580398,56.9,4.77,1.744,35.4,124.2,111.4,152.3
2026-03-30T23:36:24.582301,54.7,4.62,2.366,27.5,68.3,195.7,75.5
2026-03-30T23:36:26.580072,13.7,6.25,3.226,17.8,3.4,198.5,99.7
2026-03-30T23:36:28.580273,92.9,6.57,4.459,12.4,65.6,85.6,24.0
2026-03-30T23:36:30.582079,9.5,5.76,3.424,11.7,131.5,172.1,77.2
2026-03-30T23:36:32.580461,31.8,8.75,4.888,37.7,79.5,113.1,158.9
2026-03-30T23:36:34.587581,88.3,5.24,4.967,19.4,38.8,94.2,9.7
2026-03-30T23:36:36.582337,5.8,4.49,1.056,36.1,68.7,158.5,95.6
2026-03-30T23:36:38.580397,69.9,6.48,2.71,34.5,96.2,13.4,152.8
2026-03-30T23:36:40.580072,52.0,4.66,0.146,19.2,119.3,127.5,4.0
2026-03-30T23:36:42.580094,99.3,4.52,2.443,37.6,101.7,197.5,28.6
2026-03-30T23:36:44.580048,24.4,8.99,3.893,24.0,38.6,104.7,42.9
2026-03-30T23:36:46.586247,59.8,8.94,1.759,25.9,194.5,97.6,77.0
2026-03-30T23:36:48.580054,95.2,7.57,3.681,27.3,48.0,50.8,159.7
2026-03-30T23:36:50.579912,37.3,6.86,0.182,15.3,4.8,127.6,104.3
2026-03-30T23:36:52.580654,1.7,7.19,3.563,37.7,176.5,179.7,157.1
2026-03-30T23:36:54.580395,9.8,8.76,1.155,25.8,60.7,59.5,153.4
2026-03-30T23:36:56.579750,0.0,4.14,4.445,35.4,79.8,34.5,16.8
2026-03-30T23:36:58.579914,58.4,6.78,2.832,22.1,165.2,12.3,94.7
2026-03-30T23:37:00.581311,38.2,5.24,3.166,33.5,43.9,189.9,109.1
2026-03-30T23:37:02.583998,60.0,4.78,1.488,39.9,65.0,110.8,125.5
2026-03-30T23:37:04.580404,65.2,5.91,3.814,14.5,172.9,37.7,126.7
2026-03-30T23:37:06.580038,3.6,4.92,0.454,37.0,143.1,146.2,177.4
2026-03-30T23:37:08.579917,11.4,6.96,2.859,20.1,133.6,49.1,175.0
2026-03-30T23:37:10.579695,37.3,5.49,0.147,21.3,96.5,90.9,15.7
2026-03-30T23:37:12.579660,6.1,5.12,1.433,28.1,25.3,166.8,19.7
2026-03-30T23:37:14.579781,74.5,4.41,3.556,31.9,122.5,78.4,53.2
2026-03-30T23:37:16.579595,10.2,4.52,4.656,26.2,6.5,161.2,72.6
2026-03-30T23:37:18.579737,86.1,4.53,2.474,37.2,9.6,118.0,41.7
2026-03-30T23:37:20.585067,40.7,4.06,1.114,39.8,49.5,126.7,99.3
2026-03-30T23:37:22.579579,14.7,8.42,3.617,25.2,83.5,39.7,44.4
2026-03-30T23:37:24.582816,74.7,7.86,4.58,39.9,97.6,180.8,148.7
2026-03-30T23:37:26.579755,35.0,8.58,0.451,35.4,198.4,65.2,76.3
2026-03-30T23:37:28.580498,23.7,6.19,0.881,19.0,19.0,48.4,64.9
2026-03-30T23:37:30.584125,71.6,6.79,1.475,16.3,8.7,27.1,115.4
2026-03-30T23:37:32.581189,35.4,5.53,2.512,31.5,50.2,196.4,177.3
2026-03-30T23:37:34.580060,21.2,8.58,1.756,26.6,21.6,147.6,52.4
2026-03-30T23:37:36.580973,12.8,8.03,2.497,26.2,112.9,13.0,58.0
2026-03-30T23:37:38.581743,80.5,6.32,2.399,10.6,160.2,180.5,73.8
2026-03-30T23:37:40.579671,58.3,6.19,1.125,20.1,162.6,187.1,18.3
2026-03-30T23:37:42.579870,42.6,8.23,1.51,27.4,190.4,102.8,149.5
2026-03-30T23:37:44.580380,4.4,7.41,0.125,25.0,106.1,100.5,91.6
2026-03-30T23:37:46.579433,9.2,8.05,2.514,39.7,73.9,131.4,115.0
2026-03-30T23:37:48.608279,59.0,4.83,2.749,24.1,178.2,146.0,90.6
2026-03-30T23:37:50.580128,24.4,6.69,2.31,34.0,29.6,198.3,16.9
2026-03-30T23:37:52.579531,14.1,4.61,1.142,18.0,124.8,181.6,12.3
2026-03-30T23:37:54.580813,66.6,8.03,0.056,17.8,65.6,110.1,117.1
2026-03-30T23:37:56.583175,28.3,5.65,1.488,13.0,116.8,196.3,24.3
2026-03-30T23:37:58.586445,51.3,8.53,0.993,37.2,63.7,77.7,17.2
2026-03-30T23:38:00.580821,9.1,5.96,4.201,14.6,190.7,102.8,96.6
2026-03-30T23:38:02.579507,45.0,7.21,4.505,32.8,166.3,168.1,168.0
2026-03-30T23:38:04.579516,77.8,8.65,3.209,38.1,150.3,15.7,35.7
2026-03-30T23:38:06.579740,22.4,5.98,4.665,28.1,29.6,148.4,110.0
2026-03-30T23:38:08.580198,27.3,8.56,3.84,37.8,193.0,44.1,189.5
2026-03-30T23:38:10.579566,41.9,4.17,3.418,17.8,62.8,120.6,145.8
2026-03-30T23:38:12.579425,22.8,8.26,3.923,35.0,44.1,79.3,98.9
2026-03-30T23:38:14.579430,56.5,6.58,2.95,31.7,54.9,111.1,174.4
2026-03-30T23:38:16.579313,55.2,6.15,3.116,12.8,141.6,15.7,156.4
2026-03-30T23:38:18.579207,35.7,4.35,0.438,36.2,26.0,157.1,35.0
2026-03-30T23:38:20.579140,2.6,5.4,0.192,26.8,86.2,179.7,91.9
2026-03-30T23:38:22.582228,11.3,5.9,4.786,30.9,173.2,134.7,134.4
2026-03-30T23:38:24.592436,36.4,4.16,0.283,13.1,23.3,98.3,48.7
2026-03-30T23:38:26.585691,93.2,6.94,4.213,32.1,125.6,178.7,123.5
2026-03-30T23:38:28.580412,24.7,8.81,1.951,21.9,115.7,192.9,25.2
2026-03-30T23:38:30.584247,28.3,6.75,2.174,22.9,55.2,131.3,179.7
2026-03-30T23:38:32.580196,94.4,8.36,0.475,18.3,16.3,108.3,101.7
2026-03-30T23:38:34.579197,18.7,6.39,0.819,29.1,18.5,137.2,142.6
2026-03-30T23:38:36.579742,83.0,5.24,4.205,19.7,43.8,76.4,170.9
2026-03-30T23:38:38.581111,54.3,4.61,3.634,30.9,142.8,14.7,24.3
2026-03-30T23:38:40.579671,13.0,7.38,1.881,18.3,171.7,139.2,191.0
2026-03-30T23:38:42.579395,83.5,7.2,2.281,30.7,101.4,124.1,157.9
2026-03-30T23:38:44.579023,42.1,7.64,3.489,32.9,14.0,162.8,86.8
2026-03-30T23:38:46.579169,46.0,5.32,0.658,16.5,130.7,101.2,174.6
2026-03-30T23:38:48.578919,6.2,7.39,2.543,14.5,91.2,108.7,157.9
2026-03-30T23:38:50.591743,99.8,5.24,4.97,23.8,160.1,117.3,49.4
2026-03-30T23:38:52.583877,64.6,5.64,0.643,18.8,157.0,13.5,22.6
2026-03-30T23:38:54.579226,77.2,5.53,4.807,39.2,153.4,1.2,66.9
2026-03-30T23:38:56.579497,83.8,5.68,0.723,29.3,162.5,58.3,117.0
2026-03-30T23:38:58.583988,0.7,7.97,4.547,37.6,184.9,34.9,164.2
2026-03-30T23:39:00.578922,86.9,4.84,0.542,27.5,118.3,31.5,154.3
2026-03-30T23:39:02.579093,62.7,4.4,4.051,12.6,175.0,111.3,51.2
2026-03-30T23:39:04.579655,34.1,4.72,4.615,30.5,144.5,129.6,117.7
2026-03-30T23:39:06.580668,10.2,5.78,0.994,36.7,127.3,195.2,80.2
2026-03-30T23:39:08.578848,75.1,5.96,1.983,18.1,90.1,24.5,104.4
2026-03-30T23:39:10.578795,1.2,4.74,1.442,32.5,162.0,89.5,36.8
2026-03-30T23:39:12.578812,36.0,5.47,3.756,38.9,5.7,67.4,91.5
2026-03-30T23:39:14.578723,18.1,4.28,4.366,38.8,65.0,183.4,27.8
2026-03-30T23:39:16.580407,56.1,5.94,0.745,33.4,94.9,133.0,99.4
2026-03-30T23:39:18.586761,25.5,5.39,4.731,16.8,23.9,37.9,169.7
2026-03-30T23:39:20.578741,91.5,5.91,3.138,28.1,166.5,81.3,68.7
2026-03-30T23:39:22.578651,73.2,6.2,2.859,13.8,123.1,117.5,4.7
2026-03-30T23:39:24.578488,40.1,4.93,2.782,26.9,6.7,11.8,121.1
2026-03-30T23:39:26.578687,65.1,5.93,2.993,37.4,8.1,136.8,152.9
2026-03-30T23:39:28.583921,28.7,7.63,3.766,36.4,117.9,74.9,76.4
2026-03-30T23:39:30.578652,27.8,5.29,0.038,15.9,33.1,139.6,158.1
2026-03-30T23:39:32.583774,78.3,8.56,2.484,30.2,170.3,185.3,20.1
2026-03-30T23:39:34.578634,66.1,7.85,4.145,14.6,165.5,198.4,50.2
2026-03-30T23:39:36.579858,33.5,6.7,0.047,19.3,10.2,78.8,105.4
2026-03-30T23:39:38.578435,26.7,8.68,0.163,24.3,56.6,97.9,55.3
2026-03-30T23:39:40.578630,24.4,6.77,0.746,11.6,115.7,35.7,187.5
2026-03-30T23:39:42.580802,63.8,5.89,0.087,19.3,191.2,87.9,131.4
2026-03-30T23:39:44.578372,28.9,7.71,0.743,29.4,13.7,12.8,30.6
2026-03-30T23:39:46.579371,14.6,7.35,3.35,21.8,171.6,147.5,156.4
2026-03-30T23:39:48.578425,51.8,6.44,0.739,24.2,85.9,15.1,150.2
2026-03-30T23:39:50.579735,64.7,7.93,2.448,22.6,93.0,184.3,21.5
2026-03-30T23:39:52.578385,85.1,5.17,3.354,28.7,41.1,88.2,140.1
2026-03-30T23:39:54.578485,59.8,6.55,4.377,36.8,60.8,174.1,174.4
2026-03-30T23:39:56.578450,30.3,8.52,0.224,33.5,115.3,97.1,37.7
2026-03-30T23:39:58.578296,68.8,5.39,0.347,23.7,81.4,78.5,31.0
2026-03-30T23:40:00.578553,65.6,7.03,2.637,37.7,195.1,183.6,11.1
2026-03-30T23:40:02.584616,95.6,4.68,0.532,29.2,70.2,156.3,87.7
2026-03-30T23:40:04.578349,10.1,7.96,3.799,14.3,149.4,170.8,55.8
2026-03-30T23:40:06.584204,70.0,7.55,0.047,34.8,173.8,91.0,120.7
2026-03-30T23:40:08.582503,70.1,6.23,2.016,22.4,46.7,80.1,17.3
2026-03-30T23:40:10.578319,43.9,5.7,1.639,25.8,144.7,99.4,104.1
2026-03-30T23:40:12.578290,25.8,8.59,2.806,33.2,23.5,181.4,160.9
2026-03-30T23:40:14.578249,10.6,8.66,0.692,22.8,126.6,85.3,77.3
2026-03-30T23:40:16.578195,15.1,8.94,0.127,19.9,145.1,21.3,43.0
2026-03-30T23:40:18.578386,79.0,7.14,4.815,26.4,30.8,139.5,115.9
2026-03-30T23:40:20.578296,81.5,7.87,2.042,26.0,133.6,135.1,37.6
2026-03-30T23:40:22.578081,6.6,4.93,2.155,11.7,58.7,86.0,32.4
2026-03-30T23:40:24.578072,76.9,4.37,4.222,20.1,196.3,56.0,96.6
2026-03-30T23:40:26.578053,58.7,5.94,3.115,35.4,145.0,86.7,6.8
2026-03-30T23:40:28.577947,33.1,5.11,2.836,10.7,53.9,191.4,7.8
2026-03-30T23:40:30.577864,36.6,4.59,3.338,16.0,5.8,24.1,96.1
2026-03-30T23:40:32.581982,78.2,8.37,3.682,19.3,88.8,65.1,195.1
2026-03-30T23:40:34.584419,42.3,6.13,2.656,34.3,55.1,102.9,24.6
2026-03-30T23:40:36.590040,1.9,8.65,3.758,15.9,86.1,34.1,174.2
2026-03-30T23:40:38.578189,89.4,6.47,2.329,30.1,134.7,163.9,159.4
2026-03-30T23:40:40.582731,49.7,7.53,1.924,10.1,113.7,180.7,8.4
2026-03-30T23:40:42.580206,94.6,6.9,0.881,23.1,50.5,121.9,118.8
2026-03-30T23:40:44.580701,1.4,6.11,4.507,13.2,124.1,76.9,114.0
2026-03-30T23:40:46.577992,88.4,8.8,0.928,18.6,134.6,76.3,105.0
2026-03-30T23:40:48.577783,33.3,7.55,0.018,15.7,96.8,193.4,5.3
2026-03-30T23:40:50.579379,16.3,8.55,3.187,21.8,115.2,194.7,37.5
2026-03-30T23:40:52.577812,47.3,4.28,2.923,17.0,76.7,77.6,127.7
2026-03-30T23:40:54.578227,91.2,5.01,0.53,33.1,122.6,194.6,163.1
2026-03-30T23:40:56.577977,13.8,8.31,3.245,14.9,132.8,139.7,66.3
2026-03-30T23:40:58.579939,22.5,5.38,4.169,11.5,114.0,170.5,0.2
2026-03-30T23:41:00.577906,37.9,6.39,2.482,28.3,59.5,141.4,146.0
2026-03-30T23:41:02.583915,88.2,8.64,1.395,22.3,123.0,35.5,142.0
2026-03-30T23:41:04.580549,94.5,7.37,1.035,23.4,128.1,132.0,193.8
2026-03-30T23:41:06.577931,84.4,6.82,1.463,19.0,116.9,185.3,102.5
2026-03-30T23:41:08.578767,98.3,8.24,3.434,25.1,1.2,52.2,95.1
2026-03-30T23:41:10.581828,63.4,8.45,1.712,20.1,133.5,2.6,25.5
2026-03-30T23:41:12.577897,12.1,8.93,0.239,33.7,122.5,156.8,196.7
2026-03-30T23:41:14.580384,0.9,5.17,3.763,15.9,125.5,18.5,159.0
2026-03-30T23:41:16.578376,29.3,7.77,1.729,21.1,75.3,184.1,183.4
2026-03-30T23:41:18.579272,16.0,7.22,4.029,37.5,144.6,80.1,177.9
2026-03-30T23:41:20.577414,8.4,4.57,1.336,16.2,48.6,36.1,98.3
2026-03-30T23:41:22.577620,74.4,5.63,3.233,23.9,110.8,167.0,8.9
2026-03-30T23:41:24.578054,42.0,6.07,4.782,28.6,10.5,176.9,189.0
2026-03-30T23:41:26.577621,31.4,6.53,4.617,10.9,36.4,74.5,97.7
2026-03-30T23:41:28.578091,96.2,4.89,3.801,24.4,172.0,146.0,99.6
2026-03-30T23:41:30.577507,72.5,6.61,0.576,10.3,151.0,32.7,22.1
2026-03-30T23:41:32.586506,49.9,5.17,0.69,36.4,160.0,111.9,149.6
2026-03-30T23:41:34.577716,12.9,4.14,0.899,17.2,158.9,156.8,148.6
2026-03-30T23:41:36.577625,56.4,5.29,1.558,18.2,107.1,90.4,139.3
2026-03-30T23:41:38.577475,31.6,4.71,1.17,22.5,154.5,155.9,5.8
2026-03-30T23:41:40.585413,18.9,7.63,1.159,23.5,168.5,143.0,72.9
2026-03-30T23:41:42.577513,64.7,8.27,3.198,20.3,180.8,57.0,101.2
2026-03-30T23:41:44.578992,41.9,6.47,1.046,12.5,15.8,63.3,11.2
2026-03-30T23:41:46.579212,62.3,5.45,0.927,21.7,15.5,192.5,189.9
2026-03-30T23:41:48.582990,87.6,6.54,0.544,27.5,14.2,149.9,132.0
2026-03-30T23:41:50.577316,3.9,6.63,2.804,20.5,186.2,35.8,47.5
2026-03-30T23:41:52.577260,11.4,6.69,2.506,18.2,59.2,28.9,91.8
2026-03-30T23:41:54.577510,72.5,7.4,1.668,18.1,18.6,119.2,131.8
2026-03-30T23:41:56.577233,90.3,7.65,1.218,11.4,36.4,75.3,68.4
2026-03-30T23:41:58.585840,58.9,5.17,2.729,14.4,47.5,197.3,15.9
2026-03-30T23:42:00.577441,84.6,5.88,3.299,36.3,175.2,159.8,121.0
2026-03-30T23:42:02.577365,16.2,7.53,4.253,32.2,127.4,52.1,136.7
2026-03-30T23:42:04.577236,3.9,6.15,0.691,38.7,182.9,76.7,172.6
2026-03-30T23:42:06.577371,78.8,8.53,0.852,17.5,192.2,178.7,85.2
2026-03-30T23:42:08.577376,21.0,8.72,0.702,19.8,164.9,120.8,175.7
2026-03-30T23:42:10.577356,41.1,4.09,0.518,14.9,41.3,136.4,82.7
2026-03-30T23:42:12.578441,37.0,5.01,1.115,22.6,33.7,80.2,162.4
2026-03-30T23:42:14.583339,93.0,5.52,1.531,36.5,114.2,119.2,172.3
2026-03-30T23:42:16.576927,2.4,4.56,2.585,30.9,15.8,19.1,21.7
2026-03-30T23:42:18.578535,28.8,8.95,3.76,21.5,187.1,165.5,167.3
2026-03-30T23:42:20.577035,23.6,6.49,0.154,36.0,53.2,71.9,95.7
2026-03-30T23:42:22.583841,91.4,4.99,1.082,29.9,115.4,26.5,40.2
2026-03-30T23:42:24.578295,29.6,6.4,2.237,22.1,66.4,192.2,140.2
2026-03-30T23:42:26.577248,35.2,8.32,1.245,13.5,113.4,177.0,139.4
2026-03-30T23:42:28.579205,98.0,7.64,0.691,19.3,9.6,99.6,152.7
2026-03-30T23:42:30.578081,13.4,5.86,0.827,31.7,2.0,112.5,99.1
2026-03-30T23:42:32.576969,11.1,6.39,2.551,16.3,160.6,64.5,9.3
2026-03-30T23:42:34.576999,18.3,7.14,2.143,23.7,196.0,40.2,95.2
2026-03-30T23:42:36.576894,67.8,7.14,2.897,23.3,66.4,61.1,12.5
2026-03-30T23:42:38.577280,25.7,5.5,1.923,10.7,198.9,91.9,82.0
2026-03-30T23:42:40.576915,92.8,7.14,2.359,23.9,98.1,26.4,117.1
2026-03-30T23:42:42.577433,57.2,4.63,2.362,15.1,25.2,29.6,57.7
2026-03-30T23:42:44.577060,84.9,4.47,0.521,23.5,12.1,131.6,60.9
2026-03-30T23:42:46.576822,95.2,6.21,4.023,22.2,5.1,113.9,41.2
2026-03-30T23:42:48.584191,81.7,5.87,3.393,35.4,36.4,107.3,52.9
2026-03-30T23:42:50.578031,75.9,6.17,2.183,19.1,59.0,91.1,11.8
2026-03-30T23:42:52.585172,56.0,6.29,4.114,31.4,197.5,8.7,71.1
2026-03-30T23:42:54.585368,44.9,8.02,1.458,30.8,188.1,42.3,68.9
2026-03-30T23:42:56.578367,3.4,6.11,2.248,14.0,53.6,4.6,161.8
2026-03-30T23:42:58.582212,36.8,6.12,3.498,10.9,30.6,142.7,135.7
2026-03-30T23:43:00.579419,73.9,5.02,1.127,39.4,35.1,29.6,16.7
2026-03-30T23:43:02.577315,94.3,6.66,2.38,26.3,159.4,16.6,109.3
2026-03-30T23:43:04.577306,84.1,4.32,2.682,35.7,130.3,137.0,156.5
2026-03-30T23:43:06.576723,53.9,5.6,4.41,18.6,140.2,56.2,44.6
2026-03-30T23:43:08.576773,75.2,7.35,3.403,17.3,24.5,194.5,150.6
2026-03-30T23:43:10.576735,78.6,5.16,0.525,15.6,166.4,60.3,197.0
2026-03-30T23:43:12.576683,41.2,8.42,2.202,33.7,60.4,64.6,160.2
2026-03-30T23:43:14.576497,3.9,5.97,3.299,27.2,64.1,27.6,55.2
2026-03-30T23:43:16.582734,2.5,4.7,1.613,10.7,78.1,65.2,95.7
2026-03-30T23:43:18.577974,36.9,7.41,1.957,18.9,13.8,184.1,119.6
2026-03-30T23:43:20.576655,2.7,8.81,4.065,35.9,125.4,29.2,127.0
2026-03-30T23:43:22.579182,11.6,5.32,2.156,17.4,83.1,1.4,0.1
2026-03-30T23:43:24.581192,58.7,8.62,0.457,36.7,80.7,194.1,114.7
2026-03-30T23:43:26.584943,94.1,5.48,1.482,35.0,29.4,64.1,112.2
2026-03-30T23:43:28.577253,11.3,5.08,1.742,10.4,162.4,101.3,26.9
2026-03-30T23:43:30.576591,79.7,5.85,1.262,13.5,12.6,179.0,159.5
2026-03-30T23:43:32.577135,62.9,7.59,2.51,22.4,92.8,94.1,186.6
2026-03-30T23:43:34.576502,54.3,5.91,2.415,20.7,196.5,55.6,36.7
2026-03-30T23:43:36.578473,77.5,6.68,3.554,24.5,152.8,117.2,4.1
2026-03-30T23:43:38.581527,94.5,6.2,4.313,37.6,13.5,197.2,142.8
2026-03-30T23:43:40.581931,71.7,4.47,2.761,20.5,76.0,27.8,21.6
2026-03-30T23:43:42.576363,88.1,8.04,2.098,17.1,22.7,159.2,42.0
2026-03-30T23:43:44.576600,76.8,4.43,2.907,32.0,189.1,183.6,26.7
2026-03-30T23:43:46.576455,40.8,6.61,1.189,34.4,80.2,109.1,73.5
2026-03-30T23:43:48.576638,84.8,5.59,4.582,19.2,128.9,136.2,137.3
2026-03-30T23:43:50.577068,85.4,5.02,2.075,12.5,126.8,46.4,197.8
2026-03-30T23:43:52.578792,94.7,5.11,2.374,34.8,164.2,122.3,126.3
2026-03-30T23:43:54.576140,58.1,8.19,1.857,39.1,2.9,118.6,73.5
2026-03-30T23:43:56.577067,93.4,4.27,1.169,27.3,174.4,90.6,36.0
2026-03-30T23:43:58.576732,35.3,5.47,0.38,29.4,51.2,167.0,88.4
2026-03-30T23:44:00.577850,14.1,7.19,1.395,20.0,36.5,42.5,9.7
2026-03-30T23:44:02.576664,45.0,8.29,1.979,39.1,56.1,184.3,9.8
2026-03-30T23:44:04.576185,55.9,4.95,1.581,26.9,17.1,83.5,31.9
2026-03-30T23:44:06.584762,62.7,6.57,4.497,25.7,101.8,109.4,65.5
2026-03-30T23:44:08.576167,72.8,7.98,3.354,23.4,147.0,67.9,46.1
2026-03-30T23:44:10.576482,90.1,5.34,1.32,28.7,145.5,87.3,114.9
2026-03-30T23:44:12.576343,81.9,4.24,2.779,26.8,120.9,199.6,170.8
2026-03-30T23:44:14.576025,28.3,7.84,2.252,29.9,59.4,66.2,41.3
2026-03-30T23:44:16.576312,22.2,4.01,4.668,16.3,82.6,157.6,56.0
2026-03-30T23:44:18.575981,54.2,8.53,2.487,31.1,62.2,30.3,87.2
2026-03-30T23:44:20.576137,44.2,5.84,0.108,24.7,118.9,44.7,115.2
2026-03-30T23:44:22.576038,2.2,5.26,2.075,37.4,102.6,152.1,29.2
2026-03-30T23:44:24.577174,6.2,8.03,4.162,22.1,187.4,107.6,176.0
2026-03-30T23:44:26.582337,78.6,8.74,4.676,35.3,3.0,161.5,101.0
2026-03-30T23:44:28.582551,17.6,7.77,2.842,29.4,54.0,108.7,196.5
2026-03-30T23:44:30.593393,28.2,7.03,4.71,33.8,104.6,184.5,20.3
2026-03-30T23:44:32.576113,87.7,5.71,2.93,11.4,122.5,89.3,155.6
2026-03-30T23:44:34.579010,20.9,5.05,1.736,12.0,162.7,96.3,97.7
2026-03-30T23:44:36.575996,38.4,7.91,2.66,13.2,15.9,71.7,43.9
2026-03-30T23:44:38.576620,68.5,5.38,2.487,39.8,146.4,37.8,45.7
2026-03-30T23:44:40.577523,21.7,5.19,1.812,11.7,65.6,171.8,21.1
2026-03-30T23:44:42.575950,5.5,5.66,4.72,18.9,164.5,124.8,90.7
2026-03-30T23:44:44.576368,93.1,8.02,0.91,11.5,81.7,55.9,163.2
2026-03-30T23:44:46.578796,16.9,4.54,2.549,30.6,106.9,71.8,92.8
2026-03-30T23:44:48.575923,36.5,7.26,4.534,12.4,78.5,143.4,173.2
2026-03-30T23:44:50.575783,1.1,6.36,4.78,23.5,31.0,107.6,132.8
2026-03-30T23:44:52.583371,94.5,7.81,0.452,15.4,2.6,110.7,65.5
2026-03-30T23:44:54.575672,11.8,6.34,4.963,20.8,99.3,113.3,4.8
2026-03-30T23:44:56.576963,72.0,8.89,3.557,16.7,100.1,130.3,137.1
2026-03-30T23:44:58.576382,1.7,8.42,3.891,27.3,53.8,136.6,140.2
2026-03-30T23:45:00.581026,10.5,7.82,2.424,16.0,133.0,21.3,44.6
2026-03-30T23:45:02.575979,20.5,5.47,0.395,36.7,169.2,156.0,120.6
2026-03-30T23:45:04.576402,52.7,4.26,4.033,16.3,113.0,104.9,163.6
2026-03-30T23:45:06.577855,60.2,7.41,4.641,28.7,63.2,139.9,74.9
2026-03-30T23:45:08.576424,34.1,4.82,1.658,22.6,93.8,190.3,61.2
2026-03-30T23:45:10.577693,48.7,5.43,3.711,37.3,157.1,100.4,106.5
2026-03-30T23:45:12.578321,9.2,4.69,0.399,26.1,191.1,176.5,8.0
2026-03-30T23:45:14.586948,67.2,4.0,4.839,31.0,53.3,5.2,34.5
2026-03-30T23:45:16.575504,93.4,5.61,2.53,33.1,6.6,168.4,14.7
2026-03-30T23:45:18.575544,98.6,8.89,3.851,35.0,92.4,85.4,39.0
2026-03-30T23:45:20.575263,66.9,6.26,2.351,24.9,0.2,14.7,9.9
2026-03-30T23:45:22.576231,81.7,5.08,1.094,37.9,95.8,107.4,107.6
2026-03-30T23:45:24.575757,18.0,8.6,4.109,17.0,190.9,126.4,148.5
2026-03-30T23:45:26.576152,10.6,7.26,1.978,31.0,142.1,138.6,101.9
2026-03-30T23:45:28.575554,71.3,6.24,1.145,15.7,183.6,125.4,99.5
2026-03-30T23:45:30.579121,85.9,4.8,0.712,25.2,177.9,72.3,170.8
2026-03-30T23:45:32.575322,83.6,8.58,0.467,29.7,7.4,45.5,94.6
2026-03-30T23:45:34.578201,50.4,7.95,2.338,35.9,144.7,61.3,41.8
2026-03-30T23:45:36.576097,15.9,8.71,0.008,21.4,16.9,85.6,30.4
2026-03-30T23:45:38.581968,13.0,6.71,1.672,21.6,159.8,69.1,42.8
2026-03-30T23:45:40.581283,64.3,7.14,3.04,22.9,148.0,146.0,40.2
2026-03-30T23:45:42.576664,74.3,6.08,1.373,10.5,61.8,3.5,152.5
2026-03-30T23:45:44.575447,44.9,4.44,0.997,30.1,71.8,100.8,133.7
2026-03-30T23:45:46.575252,69.8,6.33,3.286,19.3,187.1,8.5,65.4
2026-03-30T23:45:48.577502,16.9,5.9,1.196,12.5,191.6,99.6,181.8
2026-03-30T23:45:50.575197,61.9,5.88,2.016,34.3,78.5,102.7,0.9
2026-03-30T23:45:52.575370,41.3,5.57,1.191,26.5,12.9,89.6,39.1
2026-03-30T23:45:54.575382,84.2,6.28,4.748,37.3,87.6,190.4,139.6
2026-03-30T23:45:56.575472,6.2,6.12,4.124,15.3,87.4,127.0,128.2
2026-03-30T23:45:58.575417,12.9,8.38,1.621,14.5,136.8,21.5,179.9
2026-03-30T23:46:00.575292,77.9,8.51,1.233,20.0,20.1,122.7,149.8
2026-03-30T23:46:02.575193,68.0,5.68,2.989,26.2,178.8,56.5,77.8
2026-03-30T23:46:04.584415,44.3,5.81,3.936,21.6,58.4,141.5,39.9
2026-03-30T23:46:06.579041,77.4,8.56,3.817,26.6,62.1,48.0,53.7
2026-03-30T23:46:08.585882,9.4,6.49,4.928,30.6,166.4,125.4,133.5
2026-03-30T23:46:10.580329,56.9,8.23,1.629,17.0,16.6,97.4,124.0
2026-03-30T23:46:12.579600,83.8,6.65,2.957,10.4,129.3,84.1,39.0
2026-03-30T23:46:14.575090,37.1,5.23,0.714,26.2,85.0,126.1,87.0
2026-03-30T23:46:16.579447,31.5,6.68,1.664,13.6,133.7,35.9,77.7
2026-03-30T23:46:18.577696,44.1,8.74,1.026,18.8,166.9,130.1,150.4
2026-03-30T23:46:20.575536,5.0,7.41,1.565,33.0,182.8,9.5,132.2
2026-03-30T23:46:22.578893,17.4,7.49,2.102,16.0,134.5,168.9,115.0
2026-03-30T23:46:24.574962,95.5,8.31,3.582,22.5,81.3,131.9,71.3
2026-03-30T23:46:26.574959,34.5,6.0,0.211,28.7,93.0,140.1,88.9
2026-03-30T23:46:28.574979,28.0,4.83,4.98,11.5,1.6,157.8,165.4
2026-03-30T23:46:30.575157,71.7,5.12,4.396,27.0,170.4,106.9,145.1
2026-03-30T23:46:32.580546,8.8,5.95,1.084,30.3,19.0,110.2,182.8
2026-03-30T23:46:34.578003,90.0,4.97,4.322,15.5,186.7,54.2,112.4
2026-03-30T23:46:36.575064,37.1,6.79,3.636,12.0,166.9,176.3,46.1
2026-03-30T23:46:38.589076,96.6,6.14,1.201,26.4,181.3,21.3,143.9
2026-03-30T23:46:40.575101,80.1,8.79,3.909,32.7,128.0,188.8,145.2
2026-03-30T23:46:42.576397,71.3,8.19,2.737,17.4,154.3,182.3,71.0
2026-03-30T23:46:44.574819,67.6,8.69,2.595,20.4,192.7,44.0,93.2
2026-03-30T23:46:46.576623,85.0,5.0,4.905,34.2,170.2,116.9,62.4
2026-03-30T23:46:48.574966,26.3,8.1,0.545,26.9,149.2,128.9,72.3
2026-03-30T23:46:50.575975,22.0,5.43,0.821,23.0,182.3,48.8,21.0
2026-03-30T23:46:52.575383,52.2,5.81,0.771,10.1,94.4,20.1,199.2
2026-03-30T23:46:54.574831,42.2,8.55,0.653,26.5,123.6,79.3,45.1
2026-03-30T23:46:56.575571,49.1,6.16,0.487,21.5,73.9,118.2,62.6
2026-03-30T23:46:58.586542,23.6,5.58,2.946,11.3,182.8,191.2,28.5
2026-03-30T23:47:00.574588,44.0,8.31,3.323,26.4,81.5,21.7,47.1
2026-03-30T23:47:02.575071,55.7,6.98,0.13,32.4,35.5,109.2,53.6
2026-03-30T23:47:04.574767,93.2,6.15,2.938,38.0,138.2,15.8,122.6
2026-03-30T23:47:06.574724,69.2,6.86,3.837,36.0,58.0,175.1,123.0
2026-03-30T23:47:08.586059,10.1,4.36,3.189,30.2,73.2,143.1,19.7
2026-03-30T23:47:10.574692,79.3,6.28,0.856,28.6,128.4,21.8,100.4
2026-03-30T23:47:12.578766,47.6,4.07,1.76,15.1,164.8,41.2,95.2
2026-03-30T23:47:14.576023,24.1,6.28,3.016,11.5,47.6,140.4,101.6
2026-03-30T23:47:16.575582,58.0,7.22,1.232,16.4,61.9,196.4,109.3
2026-03-30T23:47:18.574511,35.4,8.71,1.05,26.5,57.3,64.3,63.1
2026-03-30T23:47:20.574329,98.9,6.14,3.715,14.4,41.5,1.2,43.2
2026-03-30T23:47:22.576322,80.5,7.24,4.172,12.9,127.4,108.5,88.2
2026-03-30T23:47:24.574697,45.4,7.92,4.911,36.3,184.6,172.4,104.3
2026-03-30T23:47:26.579565,68.2,8.68,4.429,14.9,109.0,74.5,54.0
2026-03-30T23:47:28.574830,44.6,5.6,0.834,18.1,167.3,182.6,8.2
2026-03-30T23:47:30.582360,23.4,4.59,1.321,28.7,189.9,43.9,85.4
2026-03-30T23:47:32.574737,66.1,7.24,4.805,35.6,76.7,140.2,166.1
2026-03-30T23:47:34.574593,95.2,6.1,0.692,31.6,169.0,148.4,130.0
2026-03-30T23:47:36.574450,2.3,8.11,4.978,36.5,178.3,58.2,140.6
2026-03-30T23:47:38.574279,84.5,8.99,1.488,39.6,64.2,17.3,60.4
2026-03-30T23:47:40.574440,99.3,6.64,1.751,28.9,44.2,141.4,68.4
2026-03-30T23:47:42.575082,0.3,8.99,1.803,11.7,2.0,83.5,142.7
2026-03-30T23:47:44.574318,68.1,4.34,0.433,21.8,97.8,48.0,128.2
2026-03-30T23:47:46.576587,17.6,8.18,0.518,34.3,130.2,13.5,36.0
2026-03-30T23:47:48.581992,91.7,4.7,4.774,30.8,97.1,109.7,85.7
2026-03-30T23:47:50.574678,83.6,7.86,4.501,12.6,25.0,36.1,100.9
2026-03-30T23:47:52.574750,89.1,8.26,4.528,27.0,63.9,30.1,39.6
2026-03-30T23:47:54.574494,16.0,6.21,4.54,14.0,116.8,74.6,90.8
2026-03-30T23:47:56.574137,89.1,8.14,0.384,15.0,4.7,120.0,80.6
2026-03-30T23:47:58.574723,6.7,4.73,2.714,23.8,87.0,106.1,191.2
2026-03-30T23:48:00.574452,2.8,4.19,1.058,19.2,100.9,148.3,47.6
2026-03-30T23:48:02.574130,54.7,4.38,0.098,29.4,166.2,66.2,52.5
2026-03-30T23:48:04.574283,91.5,8.26,2.468,38.5,108.2,186.0,95.5
2026-03-30T23:48:06.574572,35.2,5.03,3.056,25.1,74.1,24.3,36.7
2026-03-30T23:48:08.575378,78.9,7.6,1.05,23.1,109.0,156.7,54.2
2026-03-30T23:48:10.573912,6.9,5.21,1.833,35.5,26.4,65.3,99.9
2026-03-30T23:48:12.576653,96.5,8.19,4.286,17.1,21.1,20.2,198.5
2026-03-30T23:48:14.581913,35.8,7.42,3.153,20.7,3.5,15.7,185.5
2026-03-30T23:48:16.574214,72.1,6.04,0.127,39.9,179.8,192.3,72.8
2026-03-30T23:48:18.574107,74.7,8.99,3.762,29.5,196.3,188.4,45.4
2026-03-30T23:48:20.574285,55.2,8.88,4.584,23.3,177.7,113.4,48.7
2026-03-30T23:48:22.574046,97.3,8.27,2.341,37.3,88.3,57.5,124.1
2026-03-30T23:48:24.577661,34.1,8.2,3.268,38.1,170.3,114.2,85.3
2026-03-30T23:48:26.574150,90.5,8.59,4.449,13.7,120.1,191.5,131.6
2026-03-30T23:48:28.573931,40.1,6.76,3.295,34.6,49.2,47.7,142.1
2026-03-30T23:48:30.576967,23.0,5.7,3.727,25.2,60.1,128.1,76.1
2026-03-30T23:48:32.574079,62.4,4.4,0.494,25.7,155.8,147.6,184.4
2026-03-30T23:48:34.573966,55.6,7.66,0.717,16.3,75.6,162.8,131.9
2026-03-30T23:48:36.574846,89.6,8.37,3.972,28.9,170.5,174.0,91.2
2026-03-30T23:48:38.573959,46.1,5.27,3.425,27.2,160.6,177.3,82.2
2026-03-30T23:48:40.575337,58.4,5.52,2.506,20.9,96.2,196.9,123.3
2026-03-30T23:48:42.573784,62.3,6.88,2.775,21.8,156.3,8.9,168.3
2026-03-30T23:48:44.573894,86.1,8.05,2.832,21.4,164.9,150.0,78.8
2026-03-30T23:48:46.573839,84.1,5.72,1.492,15.9,179.0,117.8,56.2
2026-03-30T23:48:48.574529,44.3,6.18,4.826,10.6,183.4,9.5,46.0
2026-03-30T23:48:50.580278,17.9,6.79,4.403,18.8,83.6,74.9,51.2
2026-03-30T23:48:52.575671,38.3,8.52,3.097,13.3,103.8,187.8,83.0
2026-03-30T23:48:54.573843,70.1,7.61,0.889,30.7,187.0,120.8,66.6
2026-03-30T23:48:56.574350,35.4,8.14,0.032,35.0,163.6,49.4,128.4
2026-03-30T23:48:58.574463,31.5,8.05,2.279,10.1,117.0,81.9,10.6
2026-03-30T23:49:00.575223,61.7,8.57,1.989,37.0,101.5,139.1,85.1
2026-03-30T23:49:02.573650,30.2,7.88,1.442,34.0,57.3,184.5,39.8
2026-03-30T23:49:04.573953,66.1,5.82,0.144,11.6,122.1,167.1,66.6
2026-03-30T23:49:06.573692,53.5,6.22,1.991,38.6,36.5,176.4,156.9
2026-03-30T23:49:08.573555,88.7,5.66,2.984,26.4,117.0,34.5,99.5
2026-03-30T23:49:10.575895,80.1,4.22,3.708,16.6,125.7,91.8,186.3
2026-03-30T23:49:12.580363,8.7,6.51,3.73,15.3,107.0,165.8,6.4
2026-03-30T23:49:14.573766,20.8,6.11,2.816,35.8,122.9,180.2,199.9
2026-03-30T23:49:16.573302,54.7,6.18,2.994,38.2,42.1,8.9,69.6
2026-03-30T23:49:18.573574,95.4,8.3,1.83,21.6,156.6,53.5,122.2
2026-03-30T23:49:20.573497,96.8,8.72,3.187,30.6,101.2,73.3,79.7
2026-03-30T23:49:22.573813,47.0,4.12,4.095,20.9,115.5,46.1,200.0
2026-03-30T23:49:24.574133,76.4,6.18,3.46,32.2,103.6,196.2,174.2
2026-03-30T23:49:26.574141,71.0,8.82,1.712,12.6,97.6,146.5,199.7
2026-03-30T23:49:28.573475,10.4,7.9,3.614,39.6,93.8,132.2,42.4
2026-03-30T23:49:30.575559,33.7,7.3,3.523,16.3,56.5,85.7,157.8
2026-03-30T23:49:32.576147,21.9,6.05,3.264,12.8,132.6,145.2,139.2
2026-03-30T23:49:34.574160,40.8,6.83,1.571,26.0,90.3,141.0,14.7
2026-03-30T23:49:36.579363,23.3,4.15,4.521,28.6,188.6,90.6,43.1
2026-03-30T23:49:38.582704,64.8,8.05,2.896,12.3,149.6,73.0,151.9
2026-03-30T23:49:40.573810,8.6,8.89,4.22,10.7,140.6,132.3,155.2
2026-03-30T23:49:42.573446,40.6,7.62,1.893,31.3,131.8,48.4,119.4
2026-03-30T23:49:44.573164,6.6,4.7,2.666,22.7,53.6,190.5,48.5
2026-03-30T23:49:46.573261,23.9,8.86,1.438,28.1,108.2,89.8,98.3
2026-03-30T23:49:48.573239,65.9,7.45,1.379,22.8,6.6,180.2,60.8
2026-03-30T23:49:50.587642,70.4,8.08,4.832,20.7,135.9,17.7,98.0
2026-03-30T23:49:52.573159,75.3,8.81,0.573,15.5,90.0,89.4,163.5
2026-03-30T23:49:54.578473,87.2,5.43,3.65,30.5,133.2,10.6,108.7
2026-03-30T23:49:56.574548,38.8,4.89,2.254,27.3,36.1,125.1,187.2
2026-03-30T23:49:58.575188,23.3,5.98,2.443,29.3,160.5,88.3,71.1
2026-03-30T23:50:00.575351,24.2,6.18,0.01,24.6,193.8,122.3,171.1
2026-03-30T23:50:02.582747,99.8,4.82,2.867,25.4,29.1,22.5,177.3
2026-03-30T23:50:04.573777,43.1,7.9,4.571,15.4,42.8,57.8,100.1
2026-03-30T23:50:06.573004,37.7,8.12,0.398,22.9,6.1,101.5,7.7
2026-03-30T23:50:08.575570,95.0,8.96,4.734,10.2,164.2,5.5,161.1
2026-03-30T23:50:10.573213,35.3,8.35,0.811,39.3,182.1,181.1,171.5
2026-03-30T23:50:12.573076,23.5,7.32,4.089,34.6,131.0,43.1,113.4
2026-03-30T23:50:14.573091,64.4,5.54,0.892,22.6,5.4,133.0,4.3
2026-03-30T23:50:16.573349,88.0,8.03,1.22,26.5,188.3,49.9,137.0
2026-03-30T23:50:18.572937,77.7,4.55,2.486,26.2,137.6,89.3,41.1
2026-03-30T23:50:20.572920,28.2,7.22,1.151,33.3,121.4,79.5,48.9
2026-03-30T23:50:22.572964,48.6,4.56,0.747,23.1,15.8,111.4,38.5
2026-03-30T23:50:24.578066,92.0,7.18,4.554,22.6,143.3,173.7,138.6
2026-03-30T23:50:26.573023,58.0,6.26,3.011,29.8,77.2,137.5,174.2
2026-03-30T23:50:28.576439,54.2,7.88,3.719,26.7,165.3,129.4,77.0
2026-03-30T23:50:30.575147,81.6,8.66,3.622,24.5,63.8,20.9,49.3
2026-03-30T23:50:32.573116,7.6,4.97,0.727,11.3,21.4,189.5,197.3
2026-03-30T23:50:34.572720,4.8,6.98,0.082,24.1,12.8,180.6,79.5
2026-03-30T23:50:36.577396,4.6,5.9,4.889,11.3,115.8,73.3,179.9
2026-03-30T23:50:38.572843,51.2,4.65,4.749,10.2,162.7,195.7,76.9
2026-03-30T23:50:40.572645,88.9,4.86,3.693,17.1,0.0,149.8,50.1
2026-03-30T23:50:42.573507,84.3,5.61,2.546,32.8,108.4,72.0,65.5
2026-03-30T23:50:44.572747,69.1,7.16,3.329,15.4,54.9,68.9,179.8
2026-03-30T23:50:46.572748,56.8,4.46,1.691,24.5,84.7,101.8,77.3
2026-03-30T23:50:48.572829,56.5,6.03,3.253,17.7,101.4,94.4,181.2
2026-03-30T23:50:50.578755,32.8,4.61,0.794,22.9,63.7,130.2,159.7
2026-03-30T23:50:52.572684,50.0,8.91,1.326,17.1,174.2,60.8,10.9
2026-03-30T23:50:54.572932,53.9,7.02,1.521,29.1,189.2,131.3,197.7
2026-03-30T23:50:56.572608,89.6,6.28,2.972,28.3,37.0,168.5,27.6
2026-03-30T23:50:58.573047,14.0,6.18,2.032,36.6,129.7,197.4,51.5
2026-03-30T23:51:00.573400,49.7,6.93,3.406,29.3,171.5,13.7,65.3
2026-03-30T23:51:02.575283,0.6,5.79,3.957,13.4,51.4,110.9,141.6
2026-03-30T23:51:04.573228,63.6,8.96,3.659,19.9,66.8,195.3,11.1
2026-03-30T23:51:06.573170,53.1,7.82,3.229,22.8,96.0,65.3,103.8
2026-03-30T23:51:08.572607,27.7,6.05,2.546,30.7,173.9,69.8,53.2
2026-03-30T23:51:10.576684,55.0,8.72,1.443,22.4,183.9,153.7,95.4
2026-03-30T23:51:12.572520,96.9,6.43,4.985,33.2,80.6,198.1,38.3
2026-03-30T23:51:14.572656,73.2,5.29,1.319,34.0,156.7,121.3,71.4
2026-03-30T23:51:16.572901,25.4,6.55,3.127,32.8,146.5,41.0,140.6
2026-03-30T23:51:18.572573,78.6,5.99,3.756,18.0,42.8,181.6,184.1
2026-03-30T23:51:20.580937,16.2,7.26,0.585,25.7,86.8,100.5,140.8
2026-03-30T23:51:22.580307,61.7,4.24,1.285,39.7,67.5,138.3,68.4
2026-03-30T23:51:24.572472,82.5,8.79,4.727,28.0,74.4,134.6,20.5
2026-03-30T23:51:26.572405,21.4,8.89,4.523,25.6,55.2,182.1,37.0
2026-03-30T23:51:28.574589,46.6,6.6,1.967,28.8,70.2,189.2,179.9
2026-03-30T23:51:30.572120,3.0,4.01,0.529,26.3,167.8,7.4,36.4
2026-03-30T23:51:32.572961,96.1,7.6,4.022,17.9,0.8,93.3,128.8
2026-03-30T23:51:34.572479,83.8,6.85,4.543,11.8,178.1,117.1,186.3
2026-03-30T23:51:36.572176,21.5,5.73,0.334,34.9,8.1,60.8,102.1
2026-03-30T23:51:38.574594,55.7,4.97,0.901,36.0,82.4,95.3,125.4
2026-03-30T23:51:40.578681,72.1,8.11,3.916,18.7,63.1,199.5,107.4
2026-03-30T23:51:42.574467,35.3,4.74,2.442,30.4,143.5,34.3,108.3
2026-03-30T23:51:44.572375,35.5,8.13,1.876,16.4,119.3,16.0,91.6
2026-03-30T23:51:46.579258,80.9,5.22,3.975,19.8,167.4,81.8,131.4
2026-03-30T23:51:48.572359,23.8,8.56,0.692,33.9,32.2,181.7,54.3
2026-03-30T23:51:50.572148,70.7,5.52,3.108,14.2,173.4,62.8,10.2
2026-03-30T23:51:52.572264,21.9,7.64,1.366,10.3,144.3,31.6,18.5
2026-03-30T23:51:54.572048,0.7,5.31,4.271,15.4,65.6,25.6,109.5
2026-03-30T23:51:56.572647,96.3,5.35,2.402,36.8,120.9,184.3,157.9
2026-03-30T23:51:58.572255,21.7,8.29,1.133,29.8,157.5,19.1,198.9
2026-03-30T23:52:00.572190,15.2,5.11,4.263,20.0,65.0,190.5,191.0
2026-03-30T23:52:02.572172,19.6,7.48,4.325,15.7,120.9,136.1,97.4
2026-03-30T23:52:04.572100,95.5,7.59,3.889,17.9,195.3,36.3,48.0
2026-03-30T23:52:06.581129,61.5,5.81,0.644,17.9,60.1,113.8,186.2
2026-03-30T23:52:08.572113,50.3,7.2,2.29,17.2,118.5,52.0,108.1
2026-03-30T23:52:10.573854,44.5,6.74,1.666,16.8,78.3,126.0,11.8
2026-03-30T23:52:12.572533,95.4,6.68,3.059,32.2,12.2,188.1,77.4
2026-03-30T23:52:14.579094,65.0,4.41,3.968,35.4,55.3,176.2,167.6
2026-03-30T23:52:16.580960,39.9,6.05,0.125,25.7,154.2,181.2,98.5
2026-03-30T23:52:18.571986,67.5,8.91,2.106,29.6,68.8,54.0,17.7
2026-03-30T23:52:20.573712,72.9,8.76,4.184,23.1,80.5,146.1,93.5
2026-03-30T23:52:22.571892,20.3,5.64,1.121,36.0,180.9,90.8,48.8
2026-03-30T23:52:24.571905,85.7,7.39,4.256,27.9,135.7,77.9,16.7
2026-03-30T23:52:26.571985,73.1,7.55,0.593,16.6,99.1,183.6,31.3
2026-03-30T23:52:28.571852,63.1,8.46,1.87,35.2,2.6,52.1,153.9
2026-03-30T23:52:30.571726,31.4,8.53,4.354,34.3,46.5,123.7,4.4
2026-03-30T23:52:32.571678,11.1,4.97,2.289,23.4,70.2,91.8,38.2
2026-03-30T23:52:34.571967,72.9,7.64,4.033,25.2,64.0,194.3,143.2
2026-03-30T23:52:36.571885,9.4,8.19,2.913,26.0,195.2,44.0,177.9
2026-03-30T23:52:38.574490,50.7,5.09,0.518,37.9,96.3,80.8,127.8
2026-03-30T23:52:40.582862,44.3,8.49,0.788,20.2,26.2,64.6,87.3
2026-03-30T23:52:42.572930,48.1,7.17,4.973,16.1,144.8,165.7,109.4
2026-03-30T23:52:44.575202,29.8,6.55,0.361,15.2,187.6,185.4,68.0
2026-03-30T23:52:46.571667,97.6,8.19,0.061,24.3,159.8,34.1,88.1
2026-03-30T23:52:48.575297,73.1,8.06,0.316,24.7,189.3,68.2,180.9
2026-03-30T23:52:50.571664,55.3,7.21,0.141,23.4,194.6,62.4,73.5
2026-03-30T23:52:52.571878,32.6,8.33,1.548,35.0,181.2,104.1,168.0
2026-03-30T23:52:54.571601,5.0,7.66,4.596,25.2,175.6,14.0,177.5
2026-03-30T23:52:56.571937,80.7,4.53,2.971,26.7,107.5,155.0,106.2
2026-03-30T23:52:58.571743,98.7,5.78,0.993,36.5,29.5,107.4,115.6
2026-03-30T23:53:00.571576,67.7,4.17,4.595,16.5,87.7,182.0,67.7
2026-03-30T23:53:02.571676,84.2,5.46,0.43,18.3,103.1,172.8,128.0
2026-03-30T23:53:04.576052,77.0,4.62,1.14,10.2,169.2,88.0,146.3
2026-03-30T23:53:06.577176,51.6,7.17,4.861,23.7,49.3,72.8,157.2
2026-03-30T23:53:08.571473,56.3,8.52,4.998,17.8,156.5,89.5,1.4
2026-03-30T23:53:10.571935,2.0,4.03,1.978,39.9,112.4,175.3,71.5
2026-03-30T23:53:12.571621,12.0,7.93,3.514,20.6,10.6,119.0,123.5
2026-03-30T23:53:14.573110,49.0,8.96,3.995,14.5,197.6,85.0,170.8
2026-03-30T23:53:16.571614,47.9,5.14,3.755,28.5,144.0,193.8,123.8
2026-03-30T23:53:18.572105,61.7,8.43,1.411,30.2,164.2,108.9,119.9
2026-03-30T23:53:20.571449,98.5,4.72,4.933,24.1,33.9,193.9,17.1
2026-03-30T23:53:22.572877,72.9,8.77,1.724,26.1,124.4,121.5,176.1
2026-03-30T23:53:24.571306,4.6,7.39,3.045,14.8,162.9,50.5,97.5
2026-03-30T23:53:26.571085,88.7,5.08,3.354,37.7,52.2,93.0,0.2
2026-03-30T23:53:28.571240,58.2,5.9,4.643,27.1,39.0,99.2,78.2
2026-03-30T23:53:30.577860,80.8,7.65,4.972,31.9,43.8,140.5,158.5
2026-03-30T23:53:32.581505,16.4,5.27,4.426,21.2,107.5,13.9,141.6
2026-03-30T23:53:34.571238,0.9,6.21,3.64,29.3,100.7,20.2,111.6
2026-03-30T23:53:36.571932,6.3,8.86,0.485,16.2,79.6,166.6,126.2
2026-03-30T23:53:38.571112,16.6,4.57,1.443,34.7,0.3,26.4,136.6
2026-03-30T23:53:40.571421,25.3,8.02,3.927,36.2,179.4,117.0,192.1
2026-03-30T23:53:42.571268,82.5,7.23,4.493,10.1,48.2,91.8,189.6
2026-03-30T23:53:44.571065,41.3,7.47,4.553,23.3,96.3,37.3,36.7
2026-03-30T23:53:46.571218,11.2,7.34,4.925,17.8,86.0,126.9,55.6
2026-03-30T23:53:48.574395,85.8,6.6,3.23,14.3,15.4,178.4,103.8
2026-03-30T23:53:50.571551,72.2,7.54,0.049,32.7,69.2,146.4,175.8
2026-03-30T23:53:52.571362,12.1,7.24,0.876,29.8,144.1,196.9,2.4
2026-03-30T23:53:54.573183,9.8,5.83,2.474,32.3,165.0,165.1,46.1
2026-03-30T23:53:56.578862,89.8,5.22,0.667,38.8,106.3,17.9,174.1
2026-03-30T23:53:58.571111,48.7,8.36,4.836,31.6,177.1,153.6,82.5
2026-03-30T23:54:00.573418,53.2,5.26,2.738,25.2,113.5,3.1,40.5
2026-03-30T23:54:02.571120,50.7,4.53,0.153,30.2,80.6,161.4,120.8
2026-03-30T23:54:04.571167,43.5,7.53,4.579,31.7,191.4,179.7,171.6
2026-03-30T23:54:06.571021,15.4,4.83,0.35,20.6,66.1,47.8,86.4
2026-03-30T23:54:08.571021,89.6,5.88,3.557,37.5,2.5,122.0,175.3
2026-03-30T23:54:10.571261,98.2,5.75,4.06,37.8,188.1,58.4,181.5
2026-03-30T23:54:12.570940,61.7,6.09,4.037,38.0,127.8,57.7,82.8
2026-03-30T23:54:14.570656,0.1,7.86,0.355,24.9,7.7,148.6,41.4
2026-03-30T23:54:16.571134,77.8,8.52,2.12,33.2,179.0,152.4,158.6
2026-03-30T23:54:18.573521,92.6,6.7,0.181,33.9,171.5,165.5,55.6
2026-03-30T23:54:20.572433,79.9,8.46,3.58,24.5,46.1,91.6,63.3
2026-03-30T23:54:22.581612,84.9,7.49,0.446,36.2,135.9,142.5,159.8
2026-03-30T23:54:24.570705,29.4,8.58,3.835,34.0,90.3,66.3,33.5
2026-03-30T23:54:26.572440,37.0,6.89,1.126,11.3,174.0,29.7,106.5
2026-03-30T23:54:28.571387,47.2,7.48,4.938,39.6,131.4,9.0,116.4
2026-03-30T23:54:30.570982,25.2,6.34,3.312,32.3,115.1,152.3,159.1
2026-03-30T23:54:32.573261,67.9,5.56,1.905,12.7,181.9,115.2,15.9
2026-03-30T23:54:34.571986,40.0,6.31,1.416,11.4,199.0,56.4,122.1
2026-03-30T23:54:36.570687,14.3,4.31,4.475,14.7,56.1,65.7,188.0
2026-03-30T23:54:38.570836,18.9,5.4,2.309,16.1,64.4,101.9,108.5
2026-03-30T23:54:40.571423,50.0,5.71,3.855,39.4,90.7,85.9,12.4
2026-03-30T23:54:42.570912,36.5,5.82,2.901,34.7,183.1,163.7,117.6
2026-03-30T23:54:44.570792,72.2,7.76,0.28,16.7,187.3,18.0,108.7
2026-03-30T23:54:46.570922,75.3,4.58,3.303,13.7,129.1,167.3,173.3
2026-03-30T23:54:48.574821,71.3,6.84,4.77,39.2,157.5,1.6,68.2
2026-03-30T23:54:50.575335,46.3,8.45,4.162,31.4,65.4,76.4,153.1
2026-03-30T23:54:52.577186,73.0,6.87,3.122,35.4,66.9,137.3,134.6
2026-03-30T23:54:54.570601,58.6,4.59,3.907,35.7,181.8,58.7,118.0
2026-03-30T23:54:56.570851,36.6,6.54,3.771,10.3,129.3,80.4,127.1
2026-03-30T23:54:58.570578,26.4,6.66,4.79,15.0,189.2,142.8,83.8
2026-03-30T23:55:00.571751,74.0,6.34,2.025,22.9,81.5,38.1,174.5
2026-03-30T23:55:02.570590,41.8,6.13,0.118,36.0,138.6,93.4,157.3
2026-03-30T23:55:04.570362,74.3,7.38,1.585,36.9,21.8,45.2,24.0
2026-03-30T23:55:06.571092,39.0,7.29,1.263,33.2,20.4,59.4,23.2
2026-03-30T23:55:08.570505,88.8,4.81,2.837,24.2,94.8,101.2,114.2
2026-03-30T23:55:10.570287,17.9,8.53,4.812,35.0,2.5,147.8,93.0
2026-03-30T23:55:12.570477,16.5,7.41,1.01,28.2,129.1,133.6,67.0
2026-03-30T23:55:14.570518,65.2,4.96,4.607,13.1,196.9,28.9,160.2
2026-03-30T23:55:16.576225,11.9,6.89,3.437,24.9,132.9,67.7,7.4
2026-03-30T23:55:18.576967,86.9,7.08,0.111,34.0,45.4,112.1,169.1
2026-03-30T23:55:20.570404,47.2,4.39,1.371,36.1,105.5,80.1,119.6
2026-03-30T23:55:22.570778,76.0,7.19,1.811,29.5,92.7,125.3,16.5
2026-03-30T23:55:24.570228,18.5,5.7,0.655,10.1,69.4,33.4,62.6
2026-03-30T23:55:26.571451,1.7,8.08,4.819,18.7,24.7,111.4,46.3
2026-03-30T23:55:28.570394,25.6,5.79,3.959,31.0,192.0,77.5,108.3
2026-03-30T23:55:30.578003,34.5,6.41,0.47,36.9,82.1,18.9,164.8
2026-03-30T23:55:32.570322,11.6,4.12,4.517,33.7,29.0,124.7,188.5
2026-03-30T23:55:34.570526,41.4,5.75,0.353,21.4,39.4,0.5,35.3
2026-03-30T23:55:36.570170,76.9,4.84,4.345,26.4,11.5,63.9,178.3
2026-03-30T23:55:38.570989,25.7,5.9,3.228,21.1,171.9,17.4,155.9
2026-03-30T23:55:40.574819,16.4,8.2,1.095,36.8,148.4,67.2,102.3
2026-03-30T23:55:42.578046,3.5,5.34,2.322,20.9,55.2,120.0,112.2
2026-03-30T23:55:44.579852,74.8,6.02,4.683,13.6,169.5,121.0,29.1
2026-03-30T23:55:46.570849,85.1,5.93,1.243,35.2,189.7,44.5,97.9
2026-03-30T23:55:48.570212,78.7,8.75,2.871,25.3,128.8,5.1,176.7
2026-03-30T23:55:50.570216,93.4,7.87,4.342,33.3,134.3,94.9,174.0
2026-03-30T23:55:52.569901,78.1,4.04,4.67,27.2,98.4,3.3,43.6
2026-03-30T23:55:54.570980,55.3,6.43,0.815,27.1,126.1,141.5,47.3
2026-03-30T23:55:56.570209,79.8,7.33,3.404,21.0,176.2,121.9,28.7
2026-03-30T23:55:58.572110,80.2,4.01,0.614,13.4,42.5,87.8,83.4
2026-03-30T23:56:00.573004,69.2,5.17,1.526,30.0,54.8,108.6,32.2
2026-03-30T23:56:02.570606,65.1,4.99,1.263,30.7,136.6,47.3,81.9
2026-03-30T23:56:04.574630,44.4,4.11,3.223,39.0,137.7,55.9,131.3
2026-03-30T23:56:06.572051,74.4,5.76,1.764,19.7,31.0,142.3,46.6
2026-03-30T23:56:08.577268,95.3,6.16,0.393,29.2,52.0,27.6,198.4
2026-03-30T23:56:10.578187,12.4,8.97,3.455,16.5,65.3,67.2,144.1
2026-03-30T23:56:12.570339,84.3,8.85,1.9,38.1,189.6,0.7,77.0
2026-03-30T23:56:14.569508,3.2,7.9,0.839,28.6,51.2,6.4,1.6
2026-03-30T23:56:16.569969,63.8,7.86,0.632,22.4,49.6,140.9,18.5
2026-03-30T23:56:18.570053,90.9,7.09,0.461,35.2,109.5,194.2,163.9
2026-03-30T23:56:20.569683,42.1,7.59,1.903,32.3,187.7,57.2,9.4
2026-03-30T23:56:22.570245,74.6,4.33,3.833,15.1,161.1,138.7,123.9
2026-03-30T23:56:24.569730,13.9,5.7,3.054,39.0,35.8,166.6,32.4
2026-03-30T23:56:26.571435,77.5,6.55,1.542,32.3,177.2,165.5,129.2
2026-03-30T23:56:28.569558,33.3,6.86,2.012,11.9,97.5,2.7,30.5
2026-03-30T23:56:30.574285,80.0,6.16,0.581,34.2,175.7,119.0,74.4
2026-03-30T23:56:32.573623,83.2,6.67,4.542,25.4,105.9,125.0,28.2
2026-03-30T23:56:34.577443,46.6,7.3,0.845,23.8,93.4,51.9,113.3
2026-03-30T23:56:36.569881,47.8,4.39,2.812,18.3,7.6,124.0,176.5
2026-03-30T23:56:38.570070,37.4,5.74,4.66,28.5,137.8,39.5,172.1
2026-03-30T23:56:40.571300,20.1,8.0,4.306,19.6,113.5,190.6,45.4
2026-03-30T23:56:42.569949,58.4,8.84,2.394,10.8,174.4,97.7,33.8
2026-03-30T23:56:44.569966,73.6,4.61,0.918,18.7,120.9,81.2,72.1
2026-03-30T23:56:46.570429,39.4,8.37,1.55,21.8,70.6,5.1,133.6
2026-03-30T23:56:48.570055,78.6,5.36,0.183,15.1,58.3,173.7,70.7
2026-03-30T23:56:50.569600,42.7,7.47,0.805,12.8,11.2,56.5,113.1
2026-03-30T23:56:52.569525,39.7,4.22,2.429,12.1,82.2,45.6,147.1
2026-03-30T23:56:54.569769,44.0,8.74,1.845,28.9,105.1,37.5,70.2
2026-03-30T23:56:56.569473,87.6,5.35,0.622,27.9,10.1,73.7,116.2
2026-03-30T23:56:58.569638,20.5,4.72,0.018,28.3,141.1,149.3,57.7
2026-03-30T23:57:00.578977,53.1,7.7,1.487,31.4,10.5,193.8,140.6
2026-03-30T23:57:02.569604,96.1,8.19,0.299,20.1,145.4,192.8,164.2
2026-03-30T23:57:04.569212,80.3,6.83,2.412,34.7,3.7,39.2,31.1
2026-03-30T23:57:06.569402,76.7,5.01,4.136,34.5,68.3,67.9,145.1
2026-03-30T23:57:08.569743,96.6,6.43,1.461,32.7,9.2,81.5,134.2
2026-03-30T23:57:10.569418,59.6,4.14,3.758,25.6,106.7,48.6,167.1
2026-03-30T23:57:12.570613,77.1,5.43,0.582,33.1,109.0,146.6,117.4
2026-03-30T23:57:14.569512,19.2,8.19,0.141,10.1,197.0,196.2,68.1
2026-03-30T23:57:16.570908,26.1,4.79,4.3,38.0,84.2,174.8,118.8
2026-03-30T23:57:18.569082,60.8,5.65,0.343,27.8,5.0,0.2,152.0
2026-03-30T23:57:20.569142,50.9,8.76,1.572,39.4,75.1,76.0,69.3
2026-03-30T23:57:22.569169,36.3,6.44,2.375,31.2,17.8,17.9,27.2
2026-03-30T23:57:24.574168,56.8,8.48,1.83,17.1,102.6,149.5,166.5
2026-03-30T23:57:26.575874,10.5,5.43,0.083,25.1,11.8,101.8,106.7
2026-03-30T23:57:28.575418,12.5,5.18,3.473,26.3,29.8,172.0,83.7
2026-03-30T23:57:30.569364,72.5,4.18,4.466,19.8,186.8,194.2,190.1
2026-03-30T23:57:32.569689,87.0,5.29,0.377,35.9,190.5,170.5,141.2
2026-03-30T23:57:34.569366,70.6,8.15,2.22,38.4,11.6,1.7,84.1
2026-03-30T23:57:36.569134,76.3,8.01,1.718,15.6,190.2,92.8,83.5
2026-03-30T23:57:38.570215,44.9,6.12,4.405,23.0,77.7,129.0,185.6
2026-03-30T23:57:40.569212,95.0,6.07,4.285,12.6,190.0,192.1,48.6
2026-03-30T23:57:42.569399,91.2,5.59,0.843,25.2,21.5,41.0,51.3
2026-03-30T23:57:44.572591,36.8,5.37,1.109,39.4,34.3,180.0,4.9
2026-03-30T23:57:46.570155,39.3,8.85,4.001,39.8,92.1,192.1,154.9
2026-03-30T23:57:48.573139,45.6,8.42,4.581,24.3,163.1,148.0,28.6
2026-03-30T23:57:50.572118,88.0,5.26,2.171,11.2,175.6,189.7,144.1
2026-03-30T23:57:52.569100,93.1,5.0,1.015,16.0,69.0,11.6,150.9
2026-03-30T23:57:54.569912,18.1,4.05,0.041,32.4,26.2,24.3,32.2
2026-03-30T23:57:56.575015,32.7,6.02,2.158,21.3,38.0,64.3,169.6
2026-03-30T23:57:58.569739,31.0,8.21,1.891,20.5,199.8,134.8,146.6
2026-03-30T23:58:00.568971,3.4,5.61,3.145,14.7,128.0,35.7,179.5
2026-03-30T23:58:02.569064,23.6,8.95,3.633,13.8,102.9,39.0,165.5
2026-03-30T23:58:04.569146,33.1,6.92,1.421,35.6,193.0,101.8,43.2
2026-03-30T23:58:06.569018,38.7,4.09,1.401,22.4,196.3,150.1,10.5
2026-03-30T23:58:08.569064,15.4,6.6,3.519,13.6,179.0,179.4,138.6
2026-03-30T23:58:10.568839,25.1,8.34,0.562,30.3,12.6,41.0,131.0
2026-03-30T23:58:12.572777,43.3,8.11,4.027,38.8,102.1,196.8,28.6
2026-03-30T23:58:14.568920,24.6,7.57,3.331,11.2,162.8,125.1,83.2
2026-03-30T23:58:16.569121,95.9,4.65,3.535,12.5,173.6,39.6,117.8
2026-03-30T23:58:18.570895,85.6,4.2,1.541,28.3,21.0,60.6,174.6
2026-03-30T23:58:20.578705,76.3,8.74,4.14,26.0,134.6,168.6,32.9
2026-03-30T23:58:22.573884,63.2,8.88,3.611,21.4,125.9,32.9,159.9
2026-03-30T23:58:24.568870,78.9,5.15,4.809,39.3,84.2,106.9,181.7
2026-03-30T23:58:26.568651,24.4,4.43,4.15,26.3,24.3,5.8,108.7
2026-03-30T23:58:28.568757,73.4,7.84,1.75,25.1,104.0,165.9,69.2
2026-03-30T23:58:30.571550,17.6,5.42,0.744,22.1,8.8,118.9,144.4
2026-03-30T23:58:32.570159,36.3,7.54,3.729,30.8,63.2,19.9,71.0
2026-03-30T23:58:34.569008,98.4,4.53,4.711,21.2,95.0,112.6,155.6
2026-03-30T23:58:36.568720,26.7,4.94,4.778,23.6,40.0,143.3,102.2
2026-03-30T23:58:38.568649,75.8,8.07,0.016,38.2,131.5,18.1,93.6
2026-03-30T23:58:40.568821,97.4,5.64,1.942,26.0,133.0,122.1,119.7
2026-03-30T23:58:42.569409,15.1,4.94,2.025,33.1,31.1,194.6,63.2
2026-03-30T23:58:44.568547,75.6,6.3,1.219,18.3,62.9,97.6,180.6
2026-03-30T23:58:46.574193,73.6,7.7,2.22,36.2,78.7,57.5,156.9
2026-03-30T23:58:48.575760,53.0,6.03,0.519,33.5,53.2,123.6,166.0
2026-03-30T23:58:50.571012,68.8,8.63,1.454,37.4,40.3,22.2,163.6
2026-03-30T23:58:52.569076,63.2,7.82,3.539,24.5,5.7,175.0,123.2
2026-03-30T23:58:54.568351,52.6,5.53,3.714,29.5,30.2,89.8,71.3
2026-03-30T23:58:56.568615,43.7,5.32,1.408,19.6,127.8,92.7,76.6
2026-03-30T23:58:58.568539,65.8,4.25,3.167,27.5,114.3,74.1,128.1
2026-03-30T23:59:00.568386,28.5,5.36,4.953,24.5,71.2,57.6,121.1
2026-03-30T23:59:02.568192,62.0,8.08,2.582,37.0,4.0,31.2,31.7
2026-03-30T23:59:04.568571,16.9,8.22,4.373,20.7,86.3,100.8,51.0
2026-03-30T23:59:06.568405,1.8,8.64,0.868,15.5,173.9,118.4,112.3
2026-03-30T23:59:08.568429,79.4,4.66,2.434,28.4,150.6,153.1,30.9
2026-03-30T23:59:10.572161,73.3,5.25,2.728,31.7,67.7,89.1,40.6
2026-03-30T23:59:12.568437,33.8,7.95,4.358,24.8,88.5,149.7,167.7
2026-03-30T23:59:14.568330,45.0,6.49,0.525,27.2,56.0,96.2,105.2
2026-03-30T23:59:16.570956,99.8,7.28,4.102,12.3,154.8,137.9,169.1
2026-03-30T23:59:18.568744,24.0,7.79,0.071,13.6,174.3,141.3,51.7
2026-03-30T23:59:20.568312,44.1,6.01,4.707,38.0,68.2,19.8,90.0
2026-03-30T23:59:22.568292,32.0,6.98,1.617,13.7,161.5,111.9,56.1
2026-03-30T23:59:24.570173,29.3,4.61,4.153,31.6,96.2,192.8,165.9
2026-03-30T23:59:26.568362,99.7,4.14,0.444,34.0,134.8,14.7,197.8
2026-03-30T23:59:28.568779,1.0,7.24,1.407,15.4,31.0,171.9,25.4
2026-03-30T23:59:30.568105,39.8,5.78,4.124,17.5,171.6,0.6,136.5
2026-03-30T23:59:32.568237,17.2,6.51,4.112,34.2,147.9,69.3,71.1
2026-03-30T23:59:34.569021,59.5,6.12,0.911,12.9,2.3,5.0,39.7
2026-03-30T23:59:36.575470,37.5,5.76,1.113,11.8,52.7,111.8,55.1
2026-03-30T23:59:38.574829,74.9,6.16,3.007,14.0,134.4,128.2,33.0
2026-03-30T23:59:40.567945,75.3,7.41,2.355,12.4,9.2,192.6,19.2
2026-03-30T23:59:42.572745,62.5,6.78,1.558,23.9,103.9,133.7,193.7
2026-03-30T23:59:44.568116,61.8,6.23,0.518,37.2,37.0,20.5,153.4
2026-03-30T23:59:46.568075,54.7,6.58,2.007,38.1,113.1,156.7,60.1
2026-03-30T23:59:48.569359,60.3,7.56,1.642,36.7,152.8,107.7,75.7
2026-03-30T23:59:50.568867,31.8,6.04,4.835,16.0,165.5,74.9,164.9
2026-03-30T23:59:52.568059,51.1,6.17,3.236,26.5,165.3,19.7,122.1
2026-03-30T23:59:54.568446,79.0,7.2,0.272,18.7,11.3,46.5,68.5
2026-03-30T23:59:56.568093,14.3,8.64,3.561,13.3,98.7,3.3,35.3
2026-03-30T23:59:58.569728,4.1,5.69,1.998,28.8,115.3,0.1,131.2
2026-03-31T00:00:00.570403,29.1,4.99,3.044,23.9,15.0,136.7,36.4
2026-03-31T00:00:02.572337,90.0,7.05,3.322,25.3,179.4,47.9,128.6
2026-03-31T00:00:04.577550,60.2,6.71,4.266,14.3,129.4,28.7,157.1
2026-03-31T00:00:06.568601,73.7,7.08,2.988,16.2,147.6,176.5,103.2
2026-03-31T00:00:08.568197,1.4,5.33,0.974,33.3,47.2,11.0,181.2
2026-03-31T00:00:10.567756,0.0,8.25,1.737,10.6,71.0,18.5,77.2
2026-03-31T00:00:12.567840,97.9,8.93,3.707,15.3,181.6,71.0,79.1
2026-03-31T00:00:14.567707,82.8,8.89,4.023,23.5,55.6,15.3,21.4
2026-03-31T00:00:16.569807,98.2,4.89,2.773,15.3,137.6,27.9,165.9
2026-03-31T00:00:18.567948,10.1,7.28,4.398,35.1,156.8,113.3,160.2
2026-03-31T00:00:20.569968,56.9,8.21,3.642,34.7,72.9,100.0,100.4
2026-03-31T00:00:22.569757,25.3,7.66,0.544,39.3,163.5,26.5,53.6
2026-03-31T00:00:24.567614,53.7,6.25,2.885,20.2,2.2,114.7,89.3
2026-03-31T00:00:26.567880,97.9,8.2,2.808,19.7,173.2,159.6,138.5
2026-03-31T00:00:28.575614,57.5,4.6,4.896,33.5,99.4,172.2,12.1
2026-03-31T00:00:30.575948,73.4,5.76,2.499,23.8,145.2,181.1,72.6
2026-03-31T00:00:32.567718,30.0,8.27,4.208,25.3,156.2,80.5,43.1
2026-03-31T00:00:34.569256,43.7,5.7,2.639,18.5,22.8,54.0,48.5
2026-03-31T00:00:36.567353,51.0,7.14,0.235,20.3,58.4,9.7,36.4
2026-03-31T00:00:38.567763,89.6,8.81,2.938,39.5,124.5,169.9,100.7
2026-03-31T00:00:40.568481,96.6,5.47,1.62,33.7,46.6,132.1,170.1
2026-03-31T00:00:42.568284,6.2,8.65,2.902,26.0,192.3,121.2,178.3
2026-03-31T00:00:44.567508,0.2,4.38,3.879,25.4,123.4,52.1,107.5
2026-03-31T00:00:46.567731,54.2,5.14,2.047,38.3,15.6,172.8,159.4
2026-03-31T00:00:48.567543,22.3,7.67,4.279,13.7,101.8,22.7,158.1
2026-03-31T00:00:50.567647,56.7,4.29,2.147,20.5,69.9,23.4,26.0
2026-03-31T00:00:52.575595,51.0,8.71,2.493,10.7,5.0,89.9,150.8
2026-03-31T00:00:54.574760,27.1,8.5,4.766,35.3,158.6,75.0,113.9
2026-03-31T00:00:56.567515,7.1,5.0,0.021,35.8,104.9,159.8,123.1
2026-03-31T00:00:58.567533,23.6,6.61,0.187,39.6,64.9,47.2,140.8
2026-03-31T00:01:00.567454,58.9,6.81,2.437,33.5,147.7,74.7,184.9
2026-03-31T00:01:02.570769,49.0,6.52,1.822,32.9,50.1,106.7,3.7
2026-03-31T00:01:04.567867,47.5,4.09,4.566,38.8,5.0,112.9,133.6
2026-03-31T00:01:06.567199,26.7,8.88,1.623,36.5,35.3,66.9,97.6
2026-03-31T00:01:08.567993,75.6,8.51,4.151,22.3,181.1,94.6,141.0
2026-03-31T00:01:10.569641,97.2,4.21,2.838,20.8,199.6,110.8,33.7
2026-03-31T00:01:12.567421,96.8,6.54,0.534,17.1,15.4,18.8,173.5
2026-03-31T00:01:14.567329,25.6,4.1,0.043,13.9,141.2,58.1,147.0
2026-03-31T00:01:16.567393,48.6,4.0,2.171,25.4,167.3,8.6,162.4
2026-03-31T00:01:18.573070,11.9,5.15,0.203,37.0,34.0,12.0,157.9
2026-03-31T00:01:20.586258,68.8,6.84,0.465,19.0,0.4,199.7,58.6
2026-03-31T00:01:22.567210,53.8,6.4,4.221,27.2,59.3,63.2,177.7
2026-03-31T00:01:24.567065,4.9,4.6,0.342,35.9,89.8,34.8,158.4
2026-03-31T00:01:26.569420,20.6,7.65,0.198,20.1,166.4,184.7,33.9
2026-03-31T00:01:28.569834,87.0,8.3,2.738,38.2,102.2,187.1,130.3
2026-03-31T00:01:30.567072,48.3,5.26,1.56,37.3,41.0,117.8,31.0
2026-03-31T00:01:32.566986,11.8,7.8,2.48,16.5,91.1,11.6,35.1
2026-03-31T00:01:34.567161,22.4,8.77,1.282,34.5,174.3,12.1,167.1
2026-03-31T00:01:36.568410,94.4,8.05,4.155,36.0,125.0,63.6,14.2
2026-03-31T00:01:38.566882,63.5,4.29,0.57,12.1,198.1,60.0,5.5
2026-03-31T00:01:40.567426,24.9,4.79,2.179,27.9,147.0,48.8,43.2
2026-03-31T00:01:42.567175,48.7,8.73,1.403,28.6,105.8,112.7,69.9
2026-03-31T00:01:44.569486,85.0,6.52,0.375,37.1,122.9,161.6,31.7
2026-03-31T00:01:46.576044,29.9,8.22,2.562,11.5,104.3,113.3,186.9
2026-03-31T00:01:48.569156,60.8,7.93,3.552,22.6,37.5,8.8,8.5
2026-03-31T00:01:50.566985,45.1,4.89,1.118,24.4,63.1,98.4,109.0
2026-03-31T00:01:52.566988,49.9,5.22,0.655,12.1,187.9,56.8,175.7
